ccode,year,where,where_idea,n_dissent_events,n_events
2,1990,United States,USA,118,135537
20,1990,Canada,CAN,12,7781
31,1990,Bahamas,BHM,0,22
40,1990,Cuba,CUB,6,979
41,1990,Haiti,HAI,5,310
42,1990,Dominican Republic,DOM,0,121
51,1990,Jamaica,JAM,0,140
52,1990,Trinidad and Tobago,TRI,3,220
53,1990,Barbados,BAR,0,131
56,1990,Saint Lucia,STL,0,0
58,1990,Antigua and Barbuda,ANT,0,14
70,1990,Mexico,MEX,9,1641
80,1990,Belize,BLZ,1,12
90,1990,Guatemala,GUA,10,372
91,1990,Honduras,HON,1,313
92,1990,El Salvador,SAL,30,831
93,1990,Nicaragua,NIC,16,1077
94,1990,Costa Rica,COS,1,236
95,1990,Panama,PAN,1,592
100,1990,Colombia,COL,51,1797
101,1990,Venezuela,VEN,6,1123
110,1990,Guyana,GUY,0,44
115,1990,Suriname,SUR,7,177
130,1990,Ecuador,ECU,1,391
135,1990,Peru,PER,39,1375
140,1990,Brazil,BRA,9,2454
145,1990,Bolivia,BOL,1,135
150,1990,Paraguay,PAR,0,84
155,1990,Chile,CHL,3,694
160,1990,Argentina,ARG,13,1537
165,1990,Uruguay,URU,2,342
200,1990,United Kingdom,UK_,63,29765
205,1990,Ireland,IRE,3,1051
210,1990,Netherlands,NTH,6,4369
211,1990,Belgium,BEL,5,3812
212,1990,Luxembourg,LUX,0,272
220,1990,France,FRN,37,11089
225,1990,Switzerland,SWZ,6,4198
230,1990,Spain,SPN,31,3258
235,1990,Portugal,POR,2,833
255,1990,Germany,FRG,19,13123
290,1990,Poland,POL,10,2712
305,1990,Austria,AUS,5,1304
310,1990,Hungary,HUN,1,1534
315,1990,Czechoslovakia,CZE,8,1769
325,1990,Italy,ITA,11,5194
338,1990,Malta,MLT,0,50
339,1990,Albania,ALB,15,609
345,1990,Yugoslavia,YUG,22,1509
350,1990,Greece,GRC,15,1082
352,1990,Cyprus,CYP,6,1876
355,1990,Bulgaria,BUL,14,1165
360,1990,Romania,RUM,34,2385
365,1990,Russia,RUS,8,1910
375,1990,Finland,FIN,0,1548
380,1990,Sweden,SWD,3,3581
385,1990,Norway,NOR,4,1882
390,1990,Denmark,DEN,0,969
402,1990,Cape Verde,CAP,0,26
403,1990,Sao Tome and Principe,SAO,0,8
404,1990,Guinea Bissau,GNB,1,53
411,1990,Equatorial Guinea,EQG,0,4
420,1990,Gambia,GAM,3,135
432,1990,Mali,MLI,0,50
433,1990,Senegal,SEN,2,143
434,1990,Benin,BEN,0,38
435,1990,Mauritania,MAA,0,89
436,1990,Niger,NIR,18,533
438,1990,Guinea,GUI,0,55
439,1990,Burkina Faso,BFO,0,35
450,1990,Liberia,LBR,41,1021
451,1990,Sierra Leone,SIE,4,215
452,1990,Ghana,GHA,0,202
461,1990,Togo,TOG,2,57
471,1990,Cameroon,CAO,1,64
475,1990,Nigeria,NIG,6,1081
481,1990,Gabon,GAB,4,286
482,1990,Central African Republic,CEN,1,47
483,1990,Chad,CHA,7,197
484,1990,Republic of the Congo,CON,0,78
490,1990,Democratic Republic of the Congo,ZAI,3,274
500,1990,Uganda,UGA,4,482
501,1990,Kenya,KEN,19,766
510,1990,Tanzania,TAZ,1,321
516,1990,Burundi,BUI,0,36
517,1990,Rwanda,RWA,7,266
520,1990,Somalia,SOM,8,268
530,1990,Ethiopia,ETH,15,691
540,1990,Angola,ANG,1,563
541,1990,Mozambique,MZM,6,430
551,1990,Zambia,ZAM,4,589
552,1990,Zimbabwe,ZIM,4,540
553,1990,Malawi,MAW,3,22
560,1990,South Africa,SAF,33,5882
565,1990,Namibia,NAM,1,190
570,1990,Lesotho,LES,0,47
571,1990,Botswana,BOT,0,65
572,1990,Swaziland,SWA,0,101
580,1990,Madagascar,MAG,0,77
581,1990,Comoros,COM,0,49
590,1990,Mauritius,MAS,0,65
600,1990,Morocco,MOR,1,727
615,1990,Algeria,ALG,24,1533
616,1990,Tunisia,TUN,4,842
620,1990,Libya,LIB,5,741
625,1990,Sudan,SUD,12,644
630,1990,Iran,IRN,20,2962
640,1990,Turkey,TUR,23,2729
645,1990,Iraq,IRQ,46,8423
651,1990,Egypt,EGY,21,2881
652,1990,Syria,SYR,14,1425
660,1990,Lebanon,LEB,56,1896
663,1990,Jordan,JOR,10,2058
666,1990,Israel,ISR,64,5e3
670,1990,Saudi Arabia,SAU,5,2725
679,1990,Yemen,YEM,1,371
690,1990,Kuwait,KUW,14,2904
692,1990,Bahrain,BAH,1,636
694,1990,Qatar,QAT,0,218
696,1990,United Arab Emirates,UAE,2,1019
698,1990,Oman,OMA,0,267
700,1990,Afghanistan,AFG,49,489
710,1990,China,CHN,13,5114
712,1990,Mongolia,MON,6,315
713,1990,Taiwan,TAW,3,2256
731,1990,North Korea,PRK,4,989
732,1990,South Korea,ROK,35,3261
740,1990,Japan,JPN,17,19141
750,1990,India,IND,79,3236
770,1990,Pakistan,PAK,26,1900
771,1990,Bangladesh,BNG,23,861
775,1990,Burma,MYA,6,388
780,1990,Sri Lanka,SRI,50,894
781,1990,Maldives,MAD,1,23
790,1990,Nepal,NEP,12,486
800,1990,Thailand,THI,14,1859
811,1990,Cambodia,CAM,11,675
812,1990,Laos,LAO,0,63
820,1990,Malaysia,MAL,2,3950
830,1990,Singapore,SIN,0,3209
835,1990,Brunei,BRU,0,34
840,1990,Philippines,PHI,99,3534
850,1990,Indonesia,INS,3,1554
900,1990,Australia,AUL,4,5815
910,1990,Papua New Guinea,PNG,4,213
920,1990,New Zealand,NEW,6,3269
935,1990,Vanuatu,VAN,0,12
940,1990,Solomon Islands,SOL,0,16
950,1990,Fiji,FJI,1,117
2,1991,United States,USA,109,140735
20,1991,Canada,CAN,6,10624
31,1991,Bahamas,BHM,0,18
40,1991,Cuba,CUB,2,833
41,1991,Haiti,HAI,4,526
42,1991,Dominican Republic,DOM,1,87
51,1991,Jamaica,JAM,0,135
52,1991,Trinidad and Tobago,TRI,0,99
53,1991,Barbados,BAR,0,186
56,1991,Saint Lucia,STL,1,7
58,1991,Antigua and Barbuda,ANT,0,8
70,1991,Mexico,MEX,3,1804
80,1991,Belize,BLZ,1,23
90,1991,Guatemala,GUA,6,205
91,1991,Honduras,HON,1,126
92,1991,El Salvador,SAL,32,622
93,1991,Nicaragua,NIC,11,514
94,1991,Costa Rica,COS,0,115
95,1991,Panama,PAN,5,281
100,1991,Colombia,COL,40,1532
101,1991,Venezuela,VEN,4,818
110,1991,Guyana,GUY,0,45
115,1991,Suriname,SUR,0,59
130,1991,Ecuador,ECU,1,392
135,1991,Peru,PER,51,1363
140,1991,Brazil,BRA,14,2694
145,1991,Bolivia,BOL,3,139
150,1991,Paraguay,PAR,0,63
155,1991,Chile,CHL,9,1065
160,1991,Argentina,ARG,5,1511
165,1991,Uruguay,URU,1,292
200,1991,United Kingdom,UK_,62,37755
205,1991,Ireland,IRE,6,894
210,1991,Netherlands,NTH,8,4992
211,1991,Belgium,BEL,14,5483
212,1991,Luxembourg,LUX,1,901
220,1991,France,FRN,31,14012
225,1991,Switzerland,SWZ,4,4787
230,1991,Spain,SPN,13,3385
235,1991,Portugal,POR,0,1071
255,1991,Germany,FRG,36,17024
290,1991,Poland,POL,11,2299
305,1991,Austria,AUS,4,1573
310,1991,Hungary,HUN,3,1188
315,1991,Czechoslovakia,CZE,2,1226
325,1991,Italy,ITA,13,5630
338,1991,Malta,MLT,0,40
339,1991,Albania,ALB,8,1011
345,1991,Yugoslavia,YUG,46,4211
350,1991,Greece,GRC,13,1004
352,1991,Cyprus,CYP,2,1603
355,1991,Bulgaria,BUL,6,812
359,1991,Moldova,MLD,1,44
360,1991,Romania,RUM,18,1537
365,1991,Russia,RUS,36,6722
366,1991,Estonia,EST,1,98
367,1991,Latvia,LAT,1,116
368,1991,Lithuania,LIT,1,145
369,1991,Ukraine,UKR,0,228
370,1991,Belarus,BLR,0,79
371,1991,Armenia,ARM,0,26
372,1991,Georgia,GRG,5,235
373,1991,Azerbaijan,AZE,0,178
375,1991,Finland,FIN,1,1721
380,1991,Sweden,SWD,1,3870
385,1991,Norway,NOR,0,1940
390,1991,Denmark,DEN,0,1260
402,1991,Cape Verde,CAP,0,35
403,1991,Sao Tome and Principe,SAO,0,34
404,1991,Guinea Bissau,GNB,0,66
411,1991,Equatorial Guinea,EQG,0,2
420,1991,Gambia,GAM,1,68
432,1991,Mali,MLI,8,252
433,1991,Senegal,SEN,2,182
434,1991,Benin,BEN,2,95
435,1991,Mauritania,MAA,1,94
436,1991,Niger,NIR,23,727
438,1991,Guinea,GUI,1,49
439,1991,Burkina Faso,BFO,0,118
450,1991,Liberia,LBR,7,619
451,1991,Sierra Leone,SIE,8,255
452,1991,Ghana,GHA,1,286
461,1991,Togo,TOG,13,365
471,1991,Cameroon,CAO,9,429
475,1991,Nigeria,NIG,6,1347
481,1991,Gabon,GAB,1,64
482,1991,Central African Republic,CEN,2,38
483,1991,Chad,CHA,0,105
484,1991,Republic of the Congo,CON,0,120
490,1991,Democratic Republic of the Congo,ZAI,9,878
500,1991,Uganda,UGA,5,193
501,1991,Kenya,KEN,13,933
510,1991,Tanzania,TAZ,0,148
516,1991,Burundi,BUI,3,38
517,1991,Rwanda,RWA,10,148
520,1991,Somalia,SOM,3,305
530,1991,Ethiopia,ETH,32,837
540,1991,Angola,ANG,0,546
541,1991,Mozambique,MZM,10,404
551,1991,Zambia,ZAM,4,378
552,1991,Zimbabwe,ZIM,2,607
553,1991,Malawi,MAW,0,36
560,1991,South Africa,SAF,32,4920
565,1991,Namibia,NAM,0,127
570,1991,Lesotho,LES,0,44
571,1991,Botswana,BOT,0,85
572,1991,Swaziland,SWA,0,66
580,1991,Madagascar,MAG,11,271
581,1991,Comoros,COM,0,15
590,1991,Mauritius,MAS,0,44
600,1991,Morocco,MOR,1,672
615,1991,Algeria,ALG,12,1391
616,1991,Tunisia,TUN,6,596
620,1991,Libya,LIB,2,683
625,1991,Sudan,SUD,9,512
630,1991,Iran,IRN,6,2819
640,1991,Turkey,TUR,80,3387
645,1991,Iraq,IRQ,86,9134
651,1991,Egypt,EGY,9,2269
652,1991,Syria,SYR,11,1556
660,1991,Lebanon,LEB,33,1529
663,1991,Jordan,JOR,3,1726
666,1991,Israel,ISR,46,5127
670,1991,Saudi Arabia,SAU,11,2458
679,1991,Yemen,YEM,3,252
690,1991,Kuwait,KUW,5,2563
692,1991,Bahrain,BAH,0,722
694,1991,Qatar,QAT,0,212
696,1991,United Arab Emirates,UAE,1,670
698,1991,Oman,OMA,0,184
700,1991,Afghanistan,AFG,44,605
701,1991,Turkmenistan,TKM,0,65
702,1991,Tajikistan,TAJ,0,19
703,1991,Kyrgyzstan,KYR,0,17
704,1991,Uzbekistan,UZB,0,17
705,1991,Kazakhstan,KZK,0,25
710,1991,China,CHN,7,4631
712,1991,Mongolia,MON,2,178
713,1991,Taiwan,TAW,13,2519
731,1991,North Korea,PRK,3,1114
732,1991,South Korea,ROK,64,4183
740,1991,Japan,JPN,14,21062
750,1991,India,IND,60,3905
770,1991,Pakistan,PAK,48,3291
771,1991,Bangladesh,BNG,18,1202
775,1991,Burma,MYA,8,323
780,1991,Sri Lanka,SRI,75,1477
781,1991,Maldives,MAD,0,43
790,1991,Nepal,NEP,2,182
800,1991,Thailand,THI,12,2339
811,1991,Cambodia,CAM,6,759
812,1991,Laos,LAO,0,63
820,1991,Malaysia,MAL,0,4489
830,1991,Singapore,SIN,0,3468
835,1991,Brunei,BRU,0,46
840,1991,Philippines,PHI,57,3832
850,1991,Indonesia,INS,8,2193
900,1991,Australia,AUL,9,5805
910,1991,Papua New Guinea,PNG,0,168
920,1991,New Zealand,NEW,3,1979
935,1991,Vanuatu,VAN,0,26
940,1991,Solomon Islands,SOL,0,34
950,1991,Fiji,FJI,1,116
2,1992,United States,USA,124,151180
20,1992,Canada,CAN,10,12859
31,1992,Bahamas,BHM,0,72
40,1992,Cuba,CUB,0,925
41,1992,Haiti,HAI,3,402
42,1992,Dominican Republic,DOM,2,85
51,1992,Jamaica,JAM,1,224
52,1992,Trinidad and Tobago,TRI,0,104
53,1992,Barbados,BAR,0,186
56,1992,Saint Lucia,STL,0,5
58,1992,Antigua and Barbuda,ANT,0,5
70,1992,Mexico,MEX,2,2651
80,1992,Belize,BLZ,0,15
90,1992,Guatemala,GUA,4,361
91,1992,Honduras,HON,2,137
92,1992,El Salvador,SAL,11,534
93,1992,Nicaragua,NIC,5,255
94,1992,Costa Rica,COS,2,168
95,1992,Panama,PAN,3,284
100,1992,Colombia,COL,55,1818
101,1992,Venezuela,VEN,17,1901
110,1992,Guyana,GUY,0,37
115,1992,Suriname,SUR,0,57
130,1992,Ecuador,ECU,2,453
135,1992,Peru,PER,57,1534
140,1992,Brazil,BRA,14,4329
145,1992,Bolivia,BOL,1,181
150,1992,Paraguay,PAR,0,68
155,1992,Chile,CHL,4,1374
160,1992,Argentina,ARG,4,2057
165,1992,Uruguay,URU,2,351
200,1992,United Kingdom,UK_,49,40519
205,1992,Ireland,IRE,7,1561
210,1992,Netherlands,NTH,3,5070
211,1992,Belgium,BEL,7,6188
212,1992,Luxembourg,LUX,0,465
220,1992,France,FRN,60,15925
225,1992,Switzerland,SWZ,4,5186
230,1992,Spain,SPN,29,3892
235,1992,Portugal,POR,4,1980
255,1992,Germany,FRG,51,20445
290,1992,Poland,POL,10,1807
305,1992,Austria,AUS,2,1892
310,1992,Hungary,HUN,4,1060
315,1992,Czechoslovakia,CZE,5,1277
325,1992,Italy,ITA,21,7456
338,1992,Malta,MLT,0,73
339,1992,Albania,ALB,4,528
344,1992,Croatia,CRO,15,1138
345,1992,Yugoslavia,YUG,30,2103
346,1992,Bosnia and Herzegovina,BOS,75,2949
349,1992,Slovenia,SLV,3,187
350,1992,Greece,GRC,13,1092
352,1992,Cyprus,CYP,11,1132
355,1992,Bulgaria,BUL,2,872
359,1992,Moldova,MLD,6,340
360,1992,Romania,RUM,7,1277
365,1992,Russia,RUS,81,9507
366,1992,Estonia,EST,1,195
367,1992,Latvia,LAT,0,154
368,1992,Lithuania,LIT,1,297
369,1992,Ukraine,UKR,5,1453
370,1992,Belarus,BLR,1,149
371,1992,Armenia,ARM,4,332
372,1992,Georgia,GRG,20,765
373,1992,Azerbaijan,AZE,8,808
375,1992,Finland,FIN,0,2764
380,1992,Sweden,SWD,4,4078
385,1992,Norway,NOR,3,2481
390,1992,Denmark,DEN,1,2328
402,1992,Cape Verde,CAP,0,11
403,1992,Sao Tome and Principe,SAO,2,52
404,1992,Guinea Bissau,GNB,1,38
411,1992,Equatorial Guinea,EQG,0,10
420,1992,Gambia,GAM,1,68
432,1992,Mali,MLI,1,145
433,1992,Senegal,SEN,6,238
434,1992,Benin,BEN,0,31
435,1992,Mauritania,MAA,0,83
436,1992,Niger,NIR,19,977
438,1992,Guinea,GUI,3,93
439,1992,Burkina Faso,BFO,0,38
450,1992,Liberia,LBR,9,680
451,1992,Sierra Leone,SIE,5,309
452,1992,Ghana,GHA,0,266
461,1992,Togo,TOG,11,293
471,1992,Cameroon,CAO,5,335
475,1992,Nigeria,NIG,9,1463
481,1992,Gabon,GAB,0,74
482,1992,Central African Republic,CEN,0,79
483,1992,Chad,CHA,5,265
484,1992,Republic of the Congo,CON,2,210
490,1992,Democratic Republic of the Congo,ZAI,10,593
500,1992,Uganda,UGA,3,217
501,1992,Kenya,KEN,2,1118
510,1992,Tanzania,TAZ,3,241
516,1992,Burundi,BUI,0,49
517,1992,Rwanda,RWA,8,286
520,1992,Somalia,SOM,11,820
530,1992,Ethiopia,ETH,3,460
540,1992,Angola,ANG,6,892
541,1992,Mozambique,MZM,8,423
551,1992,Zambia,ZAM,3,322
552,1992,Zimbabwe,ZIM,1,706
553,1992,Malawi,MAW,3,142
560,1992,South Africa,SAF,34,6750
565,1992,Namibia,NAM,1,161
570,1992,Lesotho,LES,2,84
571,1992,Botswana,BOT,0,78
572,1992,Swaziland,SWA,0,71
580,1992,Madagascar,MAG,5,99
581,1992,Comoros,COM,1,21
590,1992,Mauritius,MAS,0,40
600,1992,Morocco,MOR,5,667
615,1992,Algeria,ALG,77,2004
616,1992,Tunisia,TUN,1,528
620,1992,Libya,LIB,7,1076
625,1992,Sudan,SUD,1,603
630,1992,Iran,IRN,19,2541
640,1992,Turkey,TUR,95,3676
645,1992,Iraq,IRQ,13,3090
651,1992,Egypt,EGY,17,2262
652,1992,Syria,SYR,2,995
660,1992,Lebanon,LEB,57,1552
663,1992,Jordan,JOR,2,1103
666,1992,Israel,ISR,103,4721
670,1992,Saudi Arabia,SAU,4,1525
679,1992,Yemen,YEM,5,383
690,1992,Kuwait,KUW,3,1554
692,1992,Bahrain,BAH,0,679
694,1992,Qatar,QAT,0,338
696,1992,United Arab Emirates,UAE,1,1089
698,1992,Oman,OMA,0,241
700,1992,Afghanistan,AFG,47,1298
701,1992,Turkmenistan,TKM,0,160
702,1992,Tajikistan,TAJ,6,342
703,1992,Kyrgyzstan,KYR,0,101
704,1992,Uzbekistan,UZB,5,238
705,1992,Kazakhstan,KZK,0,313
710,1992,China,CHN,19,5798
712,1992,Mongolia,MON,0,143
713,1992,Taiwan,TAW,20,3265
731,1992,North Korea,PRK,3,1249
732,1992,South Korea,ROK,22,4046
740,1992,Japan,JPN,26,21683
750,1992,India,IND,59,4153
770,1992,Pakistan,PAK,25,3975
771,1992,Bangladesh,BNG,27,1592
775,1992,Burma,MYA,12,510
780,1992,Sri Lanka,SRI,83,1420
781,1992,Maldives,MAD,0,21
790,1992,Nepal,NEP,2,181
800,1992,Thailand,THI,27,2779
811,1992,Cambodia,CAM,3,902
812,1992,Laos,LAO,0,78
820,1992,Malaysia,MAL,4,4985
830,1992,Singapore,SIN,2,3491
835,1992,Brunei,BRU,0,84
840,1992,Philippines,PHI,55,4224
850,1992,Indonesia,INS,6,2233
900,1992,Australia,AUL,10,7893
910,1992,Papua New Guinea,PNG,1,192
920,1992,New Zealand,NEW,0,2932
935,1992,Vanuatu,VAN,0,12
940,1992,Solomon Islands,SOL,0,22
950,1992,Fiji,FJI,2,107
2,1993,United States,USA,138,177717
20,1993,Canada,CAN,12,16569
31,1993,Bahamas,BHM,0,37
40,1993,Cuba,CUB,6,1024
41,1993,Haiti,HAI,14,882
42,1993,Dominican Republic,DOM,0,109
51,1993,Jamaica,JAM,3,220
52,1993,Trinidad and Tobago,TRI,0,111
53,1993,Barbados,BAR,3,96
56,1993,Saint Lucia,STL,0,2
58,1993,Antigua and Barbuda,ANT,0,3
70,1993,Mexico,MEX,5,3876
80,1993,Belize,BLZ,0,36
90,1993,Guatemala,GUA,7,640
91,1993,Honduras,HON,3,221
92,1993,El Salvador,SAL,4,467
93,1993,Nicaragua,NIC,9,377
94,1993,Costa Rica,COS,3,215
95,1993,Panama,PAN,3,357
100,1993,Colombia,COL,21,2440
101,1993,Venezuela,VEN,1,2448
110,1993,Guyana,GUY,0,24
115,1993,Suriname,SUR,0,48
130,1993,Ecuador,ECU,0,809
135,1993,Peru,PER,31,1590
140,1993,Brazil,BRA,12,5644
145,1993,Bolivia,BOL,1,166
150,1993,Paraguay,PAR,0,99
155,1993,Chile,CHL,3,1857
160,1993,Argentina,ARG,7,2575
165,1993,Uruguay,URU,1,402
200,1993,United Kingdom,UK_,66,45434
205,1993,Ireland,IRE,5,3293
210,1993,Netherlands,NTH,3,5397
211,1993,Belgium,BEL,14,7803
212,1993,Luxembourg,LUX,2,523
220,1993,France,FRN,48,18588
225,1993,Switzerland,SWZ,4,6433
230,1993,Spain,SPN,11,4380
232,1993,Andorra,AND,0,25
235,1993,Portugal,POR,3,1998
255,1993,Germany,FRG,47,24169
290,1993,Poland,POL,9,2346
305,1993,Austria,AUS,1,2366
310,1993,Hungary,HUN,4,1475
316,1993,Czech Republic,CZR,1,1285
317,1993,Slovakia,SLO,0,776
325,1993,Italy,ITA,38,9722
338,1993,Malta,MLT,0,37
339,1993,Albania,ALB,3,498
343,1993,Macedonia,MAC,2,286
344,1993,Croatia,CRO,34,2251
345,1993,Yugoslavia,YUG,4,576
346,1993,Bosnia and Herzegovina,BOS,84,5532
349,1993,Slovenia,SLV,1,181
350,1993,Greece,GRC,7,1788
352,1993,Cyprus,CYP,2,1354
355,1993,Bulgaria,BUL,4,1792
359,1993,Moldova,MLD,0,216
360,1993,Romania,RUM,17,2334
365,1993,Russia,RUS,89,13264
366,1993,Estonia,EST,3,188
367,1993,Latvia,LAT,0,135
368,1993,Lithuania,LIT,0,192
369,1993,Ukraine,UKR,6,1673
370,1993,Belarus,BLR,0,257
371,1993,Armenia,ARM,1,210
372,1993,Georgia,GRG,40,1122
373,1993,Azerbaijan,AZE,6,941
375,1993,Finland,FIN,1,2950
380,1993,Sweden,SWD,5,4693
385,1993,Norway,NOR,0,2323
390,1993,Denmark,DEN,4,2532
402,1993,Cape Verde,CAP,0,8
403,1993,Sao Tome and Principe,SAO,0,139
404,1993,Guinea Bissau,GNB,0,36
411,1993,Equatorial Guinea,EQG,1,37
420,1993,Gambia,GAM,0,27
432,1993,Mali,MLI,1,83
433,1993,Senegal,SEN,7,224
434,1993,Benin,BEN,0,78
435,1993,Mauritania,MAA,1,30
436,1993,Niger,NIR,21,1239
438,1993,Guinea,GUI,4,119
439,1993,Burkina Faso,BFO,2,62
450,1993,Liberia,LBR,6,599
451,1993,Sierra Leone,SIE,3,307
452,1993,Ghana,GHA,0,253
461,1993,Togo,TOG,1,288
471,1993,Cameroon,CAO,0,228
475,1993,Nigeria,NIG,9,2155
481,1993,Gabon,GAB,4,202
482,1993,Central African Republic,CEN,2,109
483,1993,Chad,CHA,5,134
484,1993,Republic of the Congo,CON,1,239
490,1993,Democratic Republic of the Congo,ZAI,7,555
500,1993,Uganda,UGA,1,343
501,1993,Kenya,KEN,6,1108
510,1993,Tanzania,TAZ,1,233
516,1993,Burundi,BUI,2,210
517,1993,Rwanda,RWA,11,306
520,1993,Somalia,SOM,23,1428
530,1993,Ethiopia,ETH,2,431
531,1993,Eritrea,ERI,0,82
540,1993,Angola,ANG,15,1519
541,1993,Mozambique,MZM,4,415
551,1993,Zambia,ZAM,3,452
552,1993,Zimbabwe,ZIM,3,1600
553,1993,Malawi,MAW,4,261
560,1993,South Africa,SAF,82,10902
565,1993,Namibia,NAM,0,192
570,1993,Lesotho,LES,0,101
571,1993,Botswana,BOT,0,59
572,1993,Swaziland,SWA,0,168
580,1993,Madagascar,MAG,0,68
581,1993,Comoros,COM,1,33
590,1993,Mauritius,MAS,0,66
600,1993,Morocco,MOR,4,907
615,1993,Algeria,ALG,41,1401
616,1993,Tunisia,TUN,0,651
620,1993,Libya,LIB,2,537
625,1993,Sudan,SUD,6,644
630,1993,Iran,IRN,18,2777
640,1993,Turkey,TUR,80,3502
645,1993,Iraq,IRQ,31,2940
651,1993,Egypt,EGY,76,3017
652,1993,Syria,SYR,2,1169
660,1993,Lebanon,LEB,66,1620
663,1993,Jordan,JOR,3,1308
666,1993,Israel,ISR,182,6665
670,1993,Saudi Arabia,SAU,2,1764
679,1993,Yemen,YEM,4,635
690,1993,Kuwait,KUW,7,2367
692,1993,Bahrain,BAH,0,955
694,1993,Qatar,QAT,0,377
696,1993,United Arab Emirates,UAE,0,1357
698,1993,Oman,OMA,0,498
700,1993,Afghanistan,AFG,47,957
701,1993,Turkmenistan,TKM,0,141
702,1993,Tajikistan,TAJ,2,285
703,1993,Kyrgyzstan,KYR,1,128
704,1993,Uzbekistan,UZB,2,368
705,1993,Kazakhstan,KZK,0,357
710,1993,China,CHN,9,8538
712,1993,Mongolia,MON,2,132
713,1993,Taiwan,TAW,12,4051
731,1993,North Korea,PRK,3,1447
732,1993,South Korea,ROK,19,4150
740,1993,Japan,JPN,14,21645
750,1993,India,IND,53,8492
770,1993,Pakistan,PAK,37,4888
771,1993,Bangladesh,BNG,28,1947
775,1993,Burma,MYA,2,326
780,1993,Sri Lanka,SRI,57,2016
781,1993,Maldives,MAD,0,9
790,1993,Nepal,NEP,1,194
800,1993,Thailand,THI,14,2990
811,1993,Cambodia,CAM,23,1431
812,1993,Laos,LAO,0,59
820,1993,Malaysia,MAL,4,6061
830,1993,Singapore,SIN,1,4112
835,1993,Brunei,BRU,0,62
840,1993,Philippines,PHI,47,5629
850,1993,Indonesia,INS,11,3094
900,1993,Australia,AUL,11,8782
910,1993,Papua New Guinea,PNG,1,170
920,1993,New Zealand,NEW,2,3463
935,1993,Vanuatu,VAN,0,5
940,1993,Solomon Islands,SOL,0,16
950,1993,Fiji,FJI,0,32
2,1994,United States,USA,127,194368
20,1994,Canada,CAN,16,17313
31,1994,Bahamas,BHM,0,24
40,1994,Cuba,CUB,9,1423
41,1994,Haiti,HAI,19,1675
42,1994,Dominican Republic,DOM,1,180
51,1994,Jamaica,JAM,0,226
52,1994,Trinidad and Tobago,TRI,0,85
53,1994,Barbados,BAR,0,128
56,1994,Saint Lucia,STL,0,0
58,1994,Antigua and Barbuda,ANT,0,17
70,1994,Mexico,MEX,18,4987
80,1994,Belize,BLZ,0,24
90,1994,Guatemala,GUA,5,402
91,1994,Honduras,HON,6,266
92,1994,El Salvador,SAL,6,458
93,1994,Nicaragua,NIC,3,288
94,1994,Costa Rica,COS,0,179
95,1994,Panama,PAN,1,502
100,1994,Colombia,COL,45,2664
101,1994,Venezuela,VEN,8,2516
110,1994,Guyana,GUY,0,22
115,1994,Suriname,SUR,1,83
130,1994,Ecuador,ECU,6,665
135,1994,Peru,PER,17,2503
140,1994,Brazil,BRA,12,6082
145,1994,Bolivia,BOL,3,172
150,1994,Paraguay,PAR,2,101
155,1994,Chile,CHL,6,2361
160,1994,Argentina,ARG,3,3110
165,1994,Uruguay,URU,2,300
200,1994,United Kingdom,UK_,53,52957
205,1994,Ireland,IRE,6,3836
210,1994,Netherlands,NTH,6,6812
211,1994,Belgium,BEL,14,8211
212,1994,Luxembourg,LUX,0,674
220,1994,France,FRN,88,19386
225,1994,Switzerland,SWZ,3,6709
230,1994,Spain,SPN,11,4847
232,1994,Andorra,AND,0,12
235,1994,Portugal,POR,10,2949
255,1994,Germany,FRG,45,23920
290,1994,Poland,POL,19,4723
305,1994,Austria,AUS,3,2707
310,1994,Hungary,HUN,4,2719
316,1994,Czech Republic,CZR,0,2251
317,1994,Slovakia,SLO,3,1168
325,1994,Italy,ITA,30,10323
338,1994,Malta,MLT,0,97
339,1994,Albania,ALB,6,723
343,1994,Macedonia,MAC,0,256
344,1994,Croatia,CRO,14,1623
345,1994,Yugoslavia,YUG,2,450
346,1994,Bosnia and Herzegovina,BOS,68,5160
349,1994,Slovenia,SLV,1,659
350,1994,Greece,GRC,16,3693
352,1994,Cyprus,CYP,4,938
355,1994,Bulgaria,BUL,5,1925
359,1994,Moldova,MLD,1,303
360,1994,Romania,RUM,16,2924
365,1994,Russia,RUS,66,13813
366,1994,Estonia,EST,1,307
367,1994,Latvia,LAT,0,216
368,1994,Lithuania,LIT,0,235
369,1994,Ukraine,UKR,8,1738
370,1994,Belarus,BLR,1,371
371,1994,Armenia,ARM,0,95
372,1994,Georgia,GRG,3,527
373,1994,Azerbaijan,AZE,4,416
375,1994,Finland,FIN,5,6817
380,1994,Sweden,SWD,2,4811
385,1994,Norway,NOR,1,2621
390,1994,Denmark,DEN,1,2121
402,1994,Cape Verde,CAP,0,14
403,1994,Sao Tome and Principe,SAO,0,98
404,1994,Guinea Bissau,GNB,3,166
411,1994,Equatorial Guinea,EQG,0,26
420,1994,Gambia,GAM,4,185
432,1994,Mali,MLI,4,260
433,1994,Senegal,SEN,2,211
434,1994,Benin,BEN,0,83
435,1994,Mauritania,MAA,0,66
436,1994,Niger,NIR,35,2137
438,1994,Guinea,GUI,3,76
439,1994,Burkina Faso,BFO,0,66
450,1994,Liberia,LBR,6,665
451,1994,Sierra Leone,SIE,10,408
452,1994,Ghana,GHA,2,573
461,1994,Togo,TOG,7,252
471,1994,Cameroon,CAO,2,344
475,1994,Nigeria,NIG,10,2198
481,1994,Gabon,GAB,0,96
482,1994,Central African Republic,CEN,0,65
483,1994,Chad,CHA,5,159
484,1994,Republic of the Congo,CON,2,186
490,1994,Democratic Republic of the Congo,ZAI,6,803
500,1994,Uganda,UGA,3,660
501,1994,Kenya,KEN,2,1414
510,1994,Tanzania,TAZ,0,354
516,1994,Burundi,BUI,4,374
517,1994,Rwanda,RWA,53,1898
520,1994,Somalia,SOM,19,566
530,1994,Ethiopia,ETH,1,399
531,1994,Eritrea,ERI,0,128
540,1994,Angola,ANG,27,1235
541,1994,Mozambique,MZM,6,567
551,1994,Zambia,ZAM,2,427
552,1994,Zimbabwe,ZIM,4,1948
553,1994,Malawi,MAW,3,284
560,1994,South Africa,SAF,93,18563
565,1994,Namibia,NAM,0,254
570,1994,Lesotho,LES,7,331
571,1994,Botswana,BOT,0,144
572,1994,Swaziland,SWA,0,131
580,1994,Madagascar,MAG,0,57
581,1994,Comoros,COM,0,15
590,1994,Mauritius,MAS,0,251
600,1994,Morocco,MOR,4,1251
615,1994,Algeria,ALG,10,1348
616,1994,Tunisia,TUN,4,1015
620,1994,Libya,LIB,1,460
625,1994,Sudan,SUD,10,811
630,1994,Iran,IRN,9,2623
640,1994,Turkey,TUR,28,4244
645,1994,Iraq,IRQ,12,2016
651,1994,Egypt,EGY,113,4019
652,1994,Syria,SYR,3,1557
660,1994,Lebanon,LEB,33,2270
663,1994,Jordan,JOR,5,2147
666,1994,Israel,ISR,130,8006
670,1994,Saudi Arabia,SAU,0,2170
679,1994,Yemen,YEM,16,2460
690,1994,Kuwait,KUW,1,2709
692,1994,Bahrain,BAH,0,1155
694,1994,Qatar,QAT,0,615
696,1994,United Arab Emirates,UAE,0,1647
698,1994,Oman,OMA,0,579
700,1994,Afghanistan,AFG,40,711
701,1994,Turkmenistan,TKM,0,195
702,1994,Tajikistan,TAJ,11,257
703,1994,Kyrgyzstan,KYR,2,95
704,1994,Uzbekistan,UZB,1,269
705,1994,Kazakhstan,KZK,3,472
710,1994,China,CHN,25,13320
712,1994,Mongolia,MON,1,130
713,1994,Taiwan,TAW,15,5103
731,1994,North Korea,PRK,7,2726
732,1994,South Korea,ROK,18,5033
740,1994,Japan,JPN,18,22752
750,1994,India,IND,53,13065
770,1994,Pakistan,PAK,27,6355
771,1994,Bangladesh,BNG,48,2878
775,1994,Burma,MYA,11,605
780,1994,Sri Lanka,SRI,21,2088
781,1994,Maldives,MAD,0,29
790,1994,Nepal,NEP,3,246
800,1994,Thailand,THI,15,3883
811,1994,Cambodia,CAM,32,1576
812,1994,Laos,LAO,0,87
820,1994,Malaysia,MAL,1,6e3
830,1994,Singapore,SIN,2,6737
835,1994,Brunei,BRU,0,96
840,1994,Philippines,PHI,48,7025
850,1994,Indonesia,INS,23,6113
900,1994,Australia,AUL,9,10869
910,1994,Papua New Guinea,PNG,0,248
920,1994,New Zealand,NEW,2,4894
935,1994,Vanuatu,VAN,0,14
940,1994,Solomon Islands,SOL,0,17
950,1994,Fiji,FJI,1,120
2,1995,United States,USA,117,195981
20,1995,Canada,CAN,18,16987
31,1995,Bahamas,BHM,0,41
40,1995,Cuba,CUB,1,1170
41,1995,Haiti,HAI,10,536
42,1995,Dominican Republic,DOM,0,78
51,1995,Jamaica,JAM,0,169
52,1995,Trinidad and Tobago,TRI,0,150
53,1995,Barbados,BAR,0,102
56,1995,Saint Lucia,STL,0,0
58,1995,Antigua and Barbuda,ANT,0,10
70,1995,Mexico,MEX,13,7753
80,1995,Belize,BLZ,0,34
90,1995,Guatemala,GUA,6,437
91,1995,Honduras,HON,2,186
92,1995,El Salvador,SAL,1,866
93,1995,Nicaragua,NIC,2,241
94,1995,Costa Rica,COS,0,149
95,1995,Panama,PAN,3,287
100,1995,Colombia,COL,33,3149
101,1995,Venezuela,VEN,6,2713
110,1995,Guyana,GUY,0,56
115,1995,Suriname,SUR,1,59
130,1995,Ecuador,ECU,3,680
135,1995,Peru,PER,12,3365
140,1995,Brazil,BRA,9,7014
145,1995,Bolivia,BOL,3,275
150,1995,Paraguay,PAR,1,79
155,1995,Chile,CHL,4,2098
160,1995,Argentina,ARG,6,3975
165,1995,Uruguay,URU,0,165
200,1995,United Kingdom,UK_,44,58858
205,1995,Ireland,IRE,5,3941
210,1995,Netherlands,NTH,6,7843
211,1995,Belgium,BEL,21,8351
212,1995,Luxembourg,LUX,4,785
220,1995,France,FRN,105,23434
225,1995,Switzerland,SWZ,3,6050
230,1995,Spain,SPN,14,4991
232,1995,Andorra,AND,0,4
235,1995,Portugal,POR,8,3900
255,1995,Germany,FRG,36,24252
290,1995,Poland,POL,19,7692
305,1995,Austria,AUS,7,3697
310,1995,Hungary,HUN,3,3755
316,1995,Czech Republic,CZR,2,3042
317,1995,Slovakia,SLO,5,1531
325,1995,Italy,ITA,24,10741
338,1995,Malta,MLT,1,328
339,1995,Albania,ALB,2,547
343,1995,Macedonia,MAC,1,222
344,1995,Croatia,CRO,24,2906
345,1995,Yugoslavia,YUG,2,397
346,1995,Bosnia and Herzegovina,BOS,63,5514
349,1995,Slovenia,SLV,0,935
350,1995,Greece,GRC,28,5032
352,1995,Cyprus,CYP,4,1099
355,1995,Bulgaria,BUL,6,4044
359,1995,Moldova,MLD,4,311
360,1995,Romania,RUM,8,3213
365,1995,Russia,RUS,84,15723
366,1995,Estonia,EST,0,273
367,1995,Latvia,LAT,2,486
368,1995,Lithuania,LIT,0,346
369,1995,Ukraine,UKR,8,1471
370,1995,Belarus,BLR,2,312
371,1995,Armenia,ARM,0,107
372,1995,Georgia,GRG,3,451
373,1995,Azerbaijan,AZE,3,662
375,1995,Finland,FIN,0,6882
380,1995,Sweden,SWD,0,5378
385,1995,Norway,NOR,6,2806
390,1995,Denmark,DEN,6,2449
402,1995,Cape Verde,CAP,0,29
403,1995,Sao Tome and Principe,SAO,3,93
404,1995,Guinea Bissau,GNB,0,72
411,1995,Equatorial Guinea,EQG,0,44
420,1995,Gambia,GAM,1,127
432,1995,Mali,MLI,1,96
433,1995,Senegal,SEN,7,230
434,1995,Benin,BEN,1,82
435,1995,Mauritania,MAA,0,118
436,1995,Niger,NIR,5,267
438,1995,Guinea,GUI,1,124
439,1995,Burkina Faso,BFO,2,104
450,1995,Liberia,LBR,3,557
451,1995,Sierra Leone,SIE,20,547
452,1995,Ghana,GHA,0,639
461,1995,Togo,TOG,2,93
471,1995,Cameroon,CAO,2,214
475,1995,Nigeria,NIG,9,2278
481,1995,Gabon,GAB,0,163
482,1995,Central African Republic,CEN,0,68
483,1995,Chad,CHA,1,163
484,1995,Republic of the Congo,CON,0,153
490,1995,Democratic Republic of the Congo,ZAI,5,831
500,1995,Uganda,UGA,10,820
501,1995,Kenya,KEN,7,1996
510,1995,Tanzania,TAZ,1,568
516,1995,Burundi,BUI,13,509
517,1995,Rwanda,RWA,7,815
520,1995,Somalia,SOM,10,430
530,1995,Ethiopia,ETH,5,434
531,1995,Eritrea,ERI,1,175
540,1995,Angola,ANG,6,802
541,1995,Mozambique,MZM,3,310
551,1995,Zambia,ZAM,5,561
552,1995,Zimbabwe,ZIM,2,1762
553,1995,Malawi,MAW,2,374
560,1995,South Africa,SAF,48,12620
565,1995,Namibia,NAM,1,169
570,1995,Lesotho,LES,6,147
571,1995,Botswana,BOT,4,237
572,1995,Swaziland,SWA,0,290
580,1995,Madagascar,MAG,0,121
581,1995,Comoros,COM,4,87
590,1995,Mauritius,MAS,0,340
600,1995,Morocco,MOR,1,1649
615,1995,Algeria,ALG,22,1692
616,1995,Tunisia,TUN,5,1006
620,1995,Libya,LIB,0,478
625,1995,Sudan,SUD,10,1070
630,1995,Iran,IRN,14,2633
640,1995,Turkey,TUR,75,5985
645,1995,Iraq,IRQ,13,2548
651,1995,Egypt,EGY,107,4494
652,1995,Syria,SYR,1,1436
660,1995,Lebanon,LEB,35,2360
663,1995,Jordan,JOR,3,2407
666,1995,Israel,ISR,134,8387
670,1995,Saudi Arabia,SAU,2,2096
679,1995,Yemen,YEM,0,794
690,1995,Kuwait,KUW,3,2559
692,1995,Bahrain,BAH,4,1126
694,1995,Qatar,QAT,0,785
696,1995,United Arab Emirates,UAE,3,2058
698,1995,Oman,OMA,0,489
700,1995,Afghanistan,AFG,32,849
701,1995,Turkmenistan,TKM,0,187
702,1995,Tajikistan,TAJ,6,243
703,1995,Kyrgyzstan,KYR,0,123
704,1995,Uzbekistan,UZB,0,185
705,1995,Kazakhstan,KZK,0,645
710,1995,China,CHN,23,15258
712,1995,Mongolia,MON,0,168
713,1995,Taiwan,TAW,9,6106
731,1995,North Korea,PRK,1,1540
732,1995,South Korea,ROK,41,6378
740,1995,Japan,JPN,20,27201
750,1995,India,IND,45,15644
770,1995,Pakistan,PAK,56,6810
771,1995,Bangladesh,BNG,24,2454
775,1995,Burma,MYA,11,879
780,1995,Sri Lanka,SRI,77,3812
781,1995,Maldives,MAD,0,18
790,1995,Nepal,NEP,3,343
800,1995,Thailand,THI,12,5607
811,1995,Cambodia,CAM,16,1560
812,1995,Laos,LAO,0,149
820,1995,Malaysia,MAL,1,5987
830,1995,Singapore,SIN,1,7894
835,1995,Brunei,BRU,0,94
840,1995,Philippines,PHI,33,9284
850,1995,Indonesia,INS,27,8548
900,1995,Australia,AUL,12,17223
910,1995,Papua New Guinea,PNG,1,302
920,1995,New Zealand,NEW,5,5786
935,1995,Vanuatu,VAN,0,9
940,1995,Solomon Islands,SOL,0,3
950,1995,Fiji,FJI,1,126
2,1996,United States,USA,123,205674
20,1996,Canada,CAN,5,15596
31,1996,Bahamas,BHM,0,49
40,1996,Cuba,CUB,2,1290
41,1996,Haiti,HAI,7,343
42,1996,Dominican Republic,DOM,1,162
51,1996,Jamaica,JAM,0,176
52,1996,Trinidad and Tobago,TRI,0,84
53,1996,Barbados,BAR,0,93
56,1996,Saint Lucia,STL,0,5
58,1996,Antigua and Barbuda,ANT,0,5
70,1996,Mexico,MEX,26,8124
80,1996,Belize,BLZ,0,25
90,1996,Guatemala,GUA,5,603
91,1996,Honduras,HON,4,282
92,1996,El Salvador,SAL,1,520
93,1996,Nicaragua,NIC,6,478
94,1996,Costa Rica,COS,1,267
95,1996,Panama,PAN,5,474
100,1996,Colombia,COL,63,3738
101,1996,Venezuela,VEN,9,3450
110,1996,Guyana,GUY,0,37
115,1996,Suriname,SUR,0,77
130,1996,Ecuador,ECU,6,739
135,1996,Peru,PER,14,3453
140,1996,Brazil,BRA,12,8411
145,1996,Bolivia,BOL,2,297
150,1996,Paraguay,PAR,1,123
155,1996,Chile,CHL,3,2745
160,1996,Argentina,ARG,8,4814
165,1996,Uruguay,URU,0,172
200,1996,United Kingdom,UK_,75,66249
205,1996,Ireland,IRE,4,3647
210,1996,Netherlands,NTH,10,9268
211,1996,Belgium,BEL,11,8393
212,1996,Luxembourg,LUX,0,676
220,1996,France,FRN,74,24542
225,1996,Switzerland,SWZ,2,6556
230,1996,Spain,SPN,10,5355
232,1996,Andorra,AND,0,0
235,1996,Portugal,POR,8,4460
255,1996,Germany,FRG,55,25563
290,1996,Poland,POL,4,9169
305,1996,Austria,AUS,2,3593
310,1996,Hungary,HUN,2,4793
316,1996,Czech Republic,CZR,7,4868
317,1996,Slovakia,SLO,1,2048
325,1996,Italy,ITA,20,12479
338,1996,Malta,MLT,0,426
339,1996,Albania,ALB,6,991
343,1996,Macedonia,MAC,0,246
344,1996,Croatia,CRO,11,2752
345,1996,Yugoslavia,YUG,2,870
346,1996,Bosnia and Herzegovina,BOS,15,3360
349,1996,Slovenia,SLV,1,1521
350,1996,Greece,GRC,32,4981
352,1996,Cyprus,CYP,19,1410
355,1996,Bulgaria,BUL,9,4164
359,1996,Moldova,MLD,3,294
360,1996,Romania,RUM,9,3490
365,1996,Russia,RUS,117,17252
366,1996,Estonia,EST,0,756
367,1996,Latvia,LAT,0,746
368,1996,Lithuania,LIT,0,985
369,1996,Ukraine,UKR,7,1726
370,1996,Belarus,BLR,13,703
371,1996,Armenia,ARM,2,104
372,1996,Georgia,GRG,1,430
373,1996,Azerbaijan,AZE,0,519
375,1996,Finland,FIN,3,6323
380,1996,Sweden,SWD,2,5666
385,1996,Norway,NOR,2,2629
390,1996,Denmark,DEN,3,2852
402,1996,Cape Verde,CAP,0,18
403,1996,Sao Tome and Principe,SAO,0,42
404,1996,Guinea Bissau,GNB,1,83
411,1996,Equatorial Guinea,EQG,0,41
420,1996,Gambia,GAM,2,164
432,1996,Mali,MLI,0,121
433,1996,Senegal,SEN,1,184
434,1996,Benin,BEN,0,139
435,1996,Mauritania,MAA,1,88
436,1996,Niger,NIR,4,328
438,1996,Guinea,GUI,7,133
439,1996,Burkina Faso,BFO,0,79
450,1996,Liberia,LBR,14,877
451,1996,Sierra Leone,SIE,10,621
452,1996,Ghana,GHA,0,651
461,1996,Togo,TOG,1,99
471,1996,Cameroon,CAO,1,205
475,1996,Nigeria,NIG,6,2237
481,1996,Gabon,GAB,0,118
482,1996,Central African Republic,CEN,7,326
483,1996,Chad,CHA,0,182
484,1996,Republic of the Congo,CON,3,113
490,1996,Democratic Republic of the Congo,ZAI,33,1377
500,1996,Uganda,UGA,19,897
501,1996,Kenya,KEN,4,1877
510,1996,Tanzania,TAZ,2,631
516,1996,Burundi,BUI,11,832
517,1996,Rwanda,RWA,21,908
520,1996,Somalia,SOM,11,411
530,1996,Ethiopia,ETH,14,526
531,1996,Eritrea,ERI,0,233
540,1996,Angola,ANG,2,507
541,1996,Mozambique,MZM,0,229
551,1996,Zambia,ZAM,2,602
552,1996,Zimbabwe,ZIM,12,2105
553,1996,Malawi,MAW,2,145
560,1996,South Africa,SAF,24,12799
565,1996,Namibia,NAM,0,173
570,1996,Lesotho,LES,0,64
571,1996,Botswana,BOT,0,152
572,1996,Swaziland,SWA,7,113
580,1996,Madagascar,MAG,2,147
581,1996,Comoros,COM,0,88
590,1996,Mauritius,MAS,0,618
600,1996,Morocco,MOR,4,1970
615,1996,Algeria,ALG,11,1378
616,1996,Tunisia,TUN,0,1019
620,1996,Libya,LIB,4,634
625,1996,Sudan,SUD,10,798
630,1996,Iran,IRN,6,2579
640,1996,Turkey,TUR,63,6837
645,1996,Iraq,IRQ,22,3899
651,1996,Egypt,EGY,40,4987
652,1996,Syria,SYR,1,1748
660,1996,Lebanon,LEB,39,3406
663,1996,Jordan,JOR,7,2309
666,1996,Israel,ISR,127,10516
670,1996,Saudi Arabia,SAU,4,1939
679,1996,Yemen,YEM,3,684
690,1996,Kuwait,KUW,9,1623
692,1996,Bahrain,BAH,2,1332
694,1996,Qatar,QAT,0,651
696,1996,United Arab Emirates,UAE,3,1802
698,1996,Oman,OMA,0,503
700,1996,Afghanistan,AFG,31,1572
701,1996,Turkmenistan,TKM,0,174
702,1996,Tajikistan,TAJ,13,329
703,1996,Kyrgyzstan,KYR,0,148
704,1996,Uzbekistan,UZB,1,249
705,1996,Kazakhstan,KZK,2,691
710,1996,China,CHN,39,18716
712,1996,Mongolia,MON,3,304
713,1996,Taiwan,TAW,10,6582
731,1996,North Korea,PRK,3,1588
732,1996,South Korea,ROK,28,8569
740,1996,Japan,JPN,31,24832
750,1996,India,IND,88,15723
770,1996,Pakistan,PAK,57,6584
771,1996,Bangladesh,BNG,40,2857
775,1996,Burma,MYA,22,1123
780,1996,Sri Lanka,SRI,70,3160
781,1996,Maldives,MAD,0,9
790,1996,Nepal,NEP,2,392
800,1996,Thailand,THI,6,5756
811,1996,Cambodia,CAM,16,1380
812,1996,Laos,LAO,0,99
820,1996,Malaysia,MAL,8,7110
830,1996,Singapore,SIN,3,8835
835,1996,Brunei,BRU,0,74
840,1996,Philippines,PHI,32,8317
850,1996,Indonesia,INS,33,9764
900,1996,Australia,AUL,19,23545
910,1996,Papua New Guinea,PNG,5,313
920,1996,New Zealand,NEW,3,6448
935,1996,Vanuatu,VAN,0,10
940,1996,Solomon Islands,SOL,0,11
950,1996,Fiji,FJI,0,40
2,1997,United States,USA,130,227284
20,1997,Canada,CAN,9,12779
31,1997,Bahamas,BHM,1,62
40,1997,Cuba,CUB,3,1089
41,1997,Haiti,HAI,6,268
42,1997,Dominican Republic,DOM,2,183
51,1997,Jamaica,JAM,2,257
52,1997,Trinidad and Tobago,TRI,0,95
53,1997,Barbados,BAR,0,92
56,1997,Saint Lucia,STL,0,9
58,1997,Antigua and Barbuda,ANT,0,15
70,1997,Mexico,MEX,31,9333
80,1997,Belize,BLZ,0,42
90,1997,Guatemala,GUA,4,559
91,1997,Honduras,HON,4,357
92,1997,El Salvador,SAL,3,455
93,1997,Nicaragua,NIC,8,419
94,1997,Costa Rica,COS,0,201
95,1997,Panama,PAN,6,524
100,1997,Colombia,COL,81,4078
101,1997,Venezuela,VEN,8,3159
110,1997,Guyana,GUY,0,69
115,1997,Suriname,SUR,1,60
130,1997,Ecuador,ECU,8,871
135,1997,Peru,PER,24,3494
140,1997,Brazil,BRA,16,9639
145,1997,Bolivia,BOL,0,198
150,1997,Paraguay,PAR,0,135
155,1997,Chile,CHL,4,2944
160,1997,Argentina,ARG,11,4875
165,1997,Uruguay,URU,3,209
200,1997,United Kingdom,UK_,66,75027
205,1997,Ireland,IRE,9,3454
210,1997,Netherlands,NTH,12,10057
211,1997,Belgium,BEL,15,7892
212,1997,Luxembourg,LUX,3,968
220,1997,France,FRN,67,24115
225,1997,Switzerland,SWZ,5,8067
230,1997,Spain,SPN,24,7109
232,1997,Andorra,AND,0,1
235,1997,Portugal,POR,5,5074
255,1997,Germany,FRG,51,27722
290,1997,Poland,POL,13,10092
305,1997,Austria,AUS,9,3128
310,1997,Hungary,HUN,3,5959
316,1997,Czech Republic,CZR,3,5286
317,1997,Slovakia,SLO,1,2424
325,1997,Italy,ITA,21,12319
338,1997,Malta,MLT,0,382
339,1997,Albania,ALB,64,2601
343,1997,Macedonia,MAC,1,248
344,1997,Croatia,CRO,4,2852
345,1997,Yugoslavia,YUG,2,886
346,1997,Bosnia and Herzegovina,BOS,4,1436
349,1997,Slovenia,SLV,5,1873
350,1997,Greece,GRC,8,4876
352,1997,Cyprus,CYP,6,1312
355,1997,Bulgaria,BUL,16,3866
359,1997,Moldova,MLD,2,194
360,1997,Romania,RUM,5,3963
365,1997,Russia,RUS,59,16651
366,1997,Estonia,EST,1,3849
367,1997,Latvia,LAT,0,3617
368,1997,Lithuania,LIT,1,3644
369,1997,Ukraine,UKR,2,1955
370,1997,Belarus,BLR,5,554
371,1997,Armenia,ARM,1,92
372,1997,Georgia,GRG,0,470
373,1997,Azerbaijan,AZE,2,616
375,1997,Finland,FIN,0,6846
380,1997,Sweden,SWD,2,6592
385,1997,Norway,NOR,1,3242
390,1997,Denmark,DEN,1,3761
402,1997,Cape Verde,CAP,0,10
403,1997,Sao Tome and Principe,SAO,0,22
404,1997,Guinea Bissau,GNB,0,111
411,1997,Equatorial Guinea,EQG,0,25
420,1997,Gambia,GAM,4,90
432,1997,Mali,MLI,2,255
433,1997,Senegal,SEN,8,354
434,1997,Benin,BEN,1,45
435,1997,Mauritania,MAA,0,68
436,1997,Niger,NIR,3,194
438,1997,Guinea,GUI,1,53
439,1997,Burkina Faso,BFO,1,133
450,1997,Liberia,LBR,6,684
451,1997,Sierra Leone,SIE,18,719
452,1997,Ghana,GHA,0,582
461,1997,Togo,TOG,2,173
471,1997,Cameroon,CAO,1,208
475,1997,Nigeria,NIG,9,2358
481,1997,Gabon,GAB,2,198
482,1997,Central African Republic,CEN,4,232
483,1997,Chad,CHA,1,166
484,1997,Republic of the Congo,CON,16,719
490,1997,Democratic Republic of the Congo,ZAI,101,3477
500,1997,Uganda,UGA,6,539
501,1997,Kenya,KEN,36,2574
510,1997,Tanzania,TAZ,0,746
516,1997,Burundi,BUI,8,405
517,1997,Rwanda,RWA,5,482
520,1997,Somalia,SOM,5,252
530,1997,Ethiopia,ETH,1,474
531,1997,Eritrea,ERI,4,166
540,1997,Angola,ANG,0,603
541,1997,Mozambique,MZM,2,292
551,1997,Zambia,ZAM,1,665
552,1997,Zimbabwe,ZIM,5,2356
553,1997,Malawi,MAW,1,191
560,1997,South Africa,SAF,16,13034
565,1997,Namibia,NAM,0,277
570,1997,Lesotho,LES,3,55
571,1997,Botswana,BOT,0,265
572,1997,Swaziland,SWA,0,32
580,1997,Madagascar,MAG,0,63
581,1997,Comoros,COM,3,204
590,1997,Mauritius,MAS,0,594
600,1997,Morocco,MOR,3,2071
615,1997,Algeria,ALG,9,1144
616,1997,Tunisia,TUN,0,1073
620,1997,Libya,LIB,1,501
625,1997,Sudan,SUD,18,760
630,1997,Iran,IRN,7,3461
640,1997,Turkey,TUR,44,6631
645,1997,Iraq,IRQ,12,3428
651,1997,Egypt,EGY,27,4458
652,1997,Syria,SYR,0,864
660,1997,Lebanon,LEB,30,2517
663,1997,Jordan,JOR,10,1883
666,1997,Israel,ISR,96,9226
670,1997,Saudi Arabia,SAU,1,1919
679,1997,Yemen,YEM,6,811
690,1997,Kuwait,KUW,1,1232
692,1997,Bahrain,BAH,0,987
694,1997,Qatar,QAT,0,701
696,1997,United Arab Emirates,UAE,1,1821
698,1997,Oman,OMA,0,496
700,1997,Afghanistan,AFG,30,1268
701,1997,Turkmenistan,TKM,2,308
702,1997,Tajikistan,TAJ,23,685
703,1997,Kyrgyzstan,KYR,0,151
704,1997,Uzbekistan,UZB,1,317
705,1997,Kazakhstan,KZK,6,933
710,1997,China,CHN,34,17680
712,1997,Mongolia,MON,2,309
713,1997,Taiwan,TAW,10,5669
731,1997,North Korea,PRK,1,1706
732,1997,South Korea,ROK,37,11029
740,1997,Japan,JPN,20,28884
750,1997,India,IND,73,19643
770,1997,Pakistan,PAK,42,5980
771,1997,Bangladesh,BNG,29,2694
775,1997,Burma,MYA,15,854
780,1997,Sri Lanka,SRI,81,4035
781,1997,Maldives,MAD,0,22
790,1997,Nepal,NEP,2,382
800,1997,Thailand,THI,11,7749
811,1997,Cambodia,CAM,27,2207
812,1997,Laos,LAO,0,85
820,1997,Malaysia,MAL,4,7885
830,1997,Singapore,SIN,2,11626
835,1997,Brunei,BRU,0,75
840,1997,Philippines,PHI,28,8832
850,1997,Indonesia,INS,18,9709
900,1997,Australia,AUL,13,21587
910,1997,Papua New Guinea,PNG,4,522
920,1997,New Zealand,NEW,3,5683
935,1997,Vanuatu,VAN,0,15
940,1997,Solomon Islands,SOL,0,24
950,1997,Fiji,FJI,1,73
2,1998,United States,USA,147,224635
20,1998,Canada,CAN,9,10205
31,1998,Bahamas,BHM,2,92
40,1998,Cuba,CUB,3,1182
41,1998,Haiti,HAI,3,193
42,1998,Dominican Republic,DOM,0,137
51,1998,Jamaica,JAM,0,206
52,1998,Trinidad and Tobago,TRI,0,116
53,1998,Barbados,BAR,0,97
56,1998,Saint Lucia,STL,0,10
58,1998,Antigua and Barbuda,ANT,0,23
70,1998,Mexico,MEX,29,9023
80,1998,Belize,BLZ,0,28
90,1998,Guatemala,GUA,0,571
91,1998,Honduras,HON,5,463
92,1998,El Salvador,SAL,0,293
93,1998,Nicaragua,NIC,2,420
94,1998,Costa Rica,COS,0,230
95,1998,Panama,PAN,4,396
100,1998,Colombia,COL,62,3645
101,1998,Venezuela,VEN,7,2770
110,1998,Guyana,GUY,1,46
115,1998,Suriname,SUR,0,46
130,1998,Ecuador,ECU,3,942
135,1998,Peru,PER,10,2158
140,1998,Brazil,BRA,10,8080
145,1998,Bolivia,BOL,0,193
150,1998,Paraguay,PAR,0,155
155,1998,Chile,CHL,6,3427
160,1998,Argentina,ARG,12,4643
165,1998,Uruguay,URU,0,232
200,1998,United Kingdom,UK_,43,66034
205,1998,Ireland,IRE,5,3319
210,1998,Netherlands,NTH,6,10303
211,1998,Belgium,BEL,1,7031
212,1998,Luxembourg,LUX,0,614
220,1998,France,FRN,28,18781
225,1998,Switzerland,SWZ,4,8497
230,1998,Spain,SPN,20,7527
232,1998,Andorra,AND,0,2
235,1998,Portugal,POR,13,4744
255,1998,Germany,FRG,43,25818
290,1998,Poland,POL,8,9564
305,1998,Austria,AUS,2,3232
310,1998,Hungary,HUN,2,4936
316,1998,Czech Republic,CZR,3,3803
317,1998,Slovakia,SLO,1,2283
325,1998,Italy,ITA,20,11823
338,1998,Malta,MLT,0,289
339,1998,Albania,ALB,13,1495
343,1998,Macedonia,MAC,1,211
344,1998,Croatia,CRO,9,2201
345,1998,Yugoslavia,YUG,12,1397
346,1998,Bosnia and Herzegovina,BOS,4,1047
349,1998,Slovenia,SLV,0,1697
350,1998,Greece,GRC,22,6149
352,1998,Cyprus,CYP,7,1370
355,1998,Bulgaria,BUL,5,2947
359,1998,Moldova,MLD,0,262
360,1998,Romania,RUM,5,3377
365,1998,Russia,RUS,54,19464
366,1998,Estonia,EST,1,4368
367,1998,Latvia,LAT,1,3444
368,1998,Lithuania,LIT,2,5321
369,1998,Ukraine,UKR,3,2722
370,1998,Belarus,BLR,3,485
371,1998,Armenia,ARM,0,187
372,1998,Georgia,GRG,7,594
373,1998,Azerbaijan,AZE,0,513
375,1998,Finland,FIN,1,6006
380,1998,Sweden,SWD,4,7806
385,1998,Norway,NOR,1,5844
390,1998,Denmark,DEN,5,3703
402,1998,Cape Verde,CAP,0,28
403,1998,Sao Tome and Principe,SAO,0,7
404,1998,Guinea Bissau,GNB,3,415
411,1998,Equatorial Guinea,EQG,1,45
420,1998,Gambia,GAM,0,91
432,1998,Mali,MLI,1,136
433,1998,Senegal,SEN,9,427
434,1998,Benin,BEN,2,40
435,1998,Mauritania,MAA,1,48
436,1998,Niger,NIR,9,253
438,1998,Guinea,GUI,1,96
439,1998,Burkina Faso,BFO,1,132
450,1998,Liberia,LBR,1,518
451,1998,Sierra Leone,SIE,21,648
452,1998,Ghana,GHA,1,572
461,1998,Togo,TOG,1,175
471,1998,Cameroon,CAO,0,176
475,1998,Nigeria,NIG,13,2647
481,1998,Gabon,GAB,0,104
482,1998,Central African Republic,CEN,1,93
483,1998,Chad,CHA,2,167
484,1998,Republic of the Congo,CON,11,394
490,1998,Democratic Republic of the Congo,ZAI,29,1254
500,1998,Uganda,UGA,4,770
501,1998,Kenya,KEN,12,2764
510,1998,Tanzania,TAZ,0,629
516,1998,Burundi,BUI,4,283
517,1998,Rwanda,RWA,12,601
520,1998,Somalia,SOM,6,195
530,1998,Ethiopia,ETH,1,669
531,1998,Eritrea,ERI,2,378
540,1998,Angola,ANG,10,516
541,1998,Mozambique,MZM,0,211
551,1998,Zambia,ZAM,3,439
552,1998,Zimbabwe,ZIM,9,2951
553,1998,Malawi,MAW,0,130
560,1998,South Africa,SAF,7,11127
565,1998,Namibia,NAM,0,242
570,1998,Lesotho,LES,0,134
571,1998,Botswana,BOT,0,232
572,1998,Swaziland,SWA,0,59
580,1998,Madagascar,MAG,1,26
581,1998,Comoros,COM,5,135
590,1998,Mauritius,MAS,0,654
600,1998,Morocco,MOR,2,2031
615,1998,Algeria,ALG,33,1689
616,1998,Tunisia,TUN,1,1247
620,1998,Libya,LIB,1,565
625,1998,Sudan,SUD,13,810
630,1998,Iran,IRN,11,3440
640,1998,Turkey,TUR,44,7664
645,1998,Iraq,IRQ,18,5379
651,1998,Egypt,EGY,11,3214
652,1998,Syria,SYR,0,880
660,1998,Lebanon,LEB,41,1911
663,1998,Jordan,JOR,6,1349
666,1998,Israel,ISR,61,7308
670,1998,Saudi Arabia,SAU,3,1929
679,1998,Yemen,YEM,6,790
690,1998,Kuwait,KUW,4,1302
692,1998,Bahrain,BAH,0,785
694,1998,Qatar,QAT,0,507
696,1998,United Arab Emirates,UAE,0,1528
698,1998,Oman,OMA,0,485
700,1998,Afghanistan,AFG,9,1249
701,1998,Turkmenistan,TKM,1,282
702,1998,Tajikistan,TAJ,9,443
703,1998,Kyrgyzstan,KYR,0,170
704,1998,Uzbekistan,UZB,1,313
705,1998,Kazakhstan,KZK,5,900
710,1998,China,CHN,28,21161
712,1998,Mongolia,MON,1,376
713,1998,Taiwan,TAW,1,5501
731,1998,North Korea,PRK,1,1122
732,1998,South Korea,ROK,14,12190
740,1998,Japan,JPN,7,29638
750,1998,India,IND,62,21137
770,1998,Pakistan,PAK,23,5701
771,1998,Bangladesh,BNG,17,2446
775,1998,Burma,MYA,9,717
780,1998,Sri Lanka,SRI,26,3749
781,1998,Maldives,MAD,0,33
790,1998,Nepal,NEP,4,525
800,1998,Thailand,THI,14,7035
811,1998,Cambodia,CAM,18,1779
812,1998,Laos,LAO,0,32
820,1998,Malaysia,MAL,28,10272
830,1998,Singapore,SIN,4,11816
835,1998,Brunei,BRU,1,109
840,1998,Philippines,PHI,15,6699
850,1998,Indonesia,INS,113,12568
900,1998,Australia,AUL,19,18937
910,1998,Papua New Guinea,PNG,3,188
920,1998,New Zealand,NEW,3,4699
935,1998,Vanuatu,VAN,0,17
940,1998,Solomon Islands,SOL,0,2
950,1998,Fiji,FJI,0,43
2,1999,United States,USA,121,195255
20,1999,Canada,CAN,3,10481
31,1999,Bahamas,BHM,0,99
40,1999,Cuba,CUB,6,923
41,1999,Haiti,HAI,9,231
42,1999,Dominican Republic,DOM,2,111
51,1999,Jamaica,JAM,2,250
52,1999,Trinidad and Tobago,TRI,1,99
53,1999,Barbados,BAR,0,50
56,1999,Saint Lucia,STL,0,3
58,1999,Antigua and Barbuda,ANT,0,18
70,1999,Mexico,MEX,29,7873
80,1999,Belize,BLZ,1,27
90,1999,Guatemala,GUA,2,383
91,1999,Honduras,HON,0,285
92,1999,El Salvador,SAL,2,269
93,1999,Nicaragua,NIC,3,268
94,1999,Costa Rica,COS,0,129
95,1999,Panama,PAN,2,318
100,1999,Colombia,COL,38,2836
101,1999,Venezuela,VEN,5,2714
110,1999,Guyana,GUY,0,43
115,1999,Suriname,SUR,0,70
130,1999,Ecuador,ECU,5,1407
135,1999,Peru,PER,7,1697
140,1999,Brazil,BRA,23,8257
145,1999,Bolivia,BOL,0,162
150,1999,Paraguay,PAR,7,202
155,1999,Chile,CHL,8,2746
160,1999,Argentina,ARG,10,4458
165,1999,Uruguay,URU,0,240
200,1999,United Kingdom,UK_,56,60695
205,1999,Ireland,IRE,3,3733
210,1999,Netherlands,NTH,4,9814
211,1999,Belgium,BEL,4,7602
212,1999,Luxembourg,LUX,0,630
220,1999,France,FRN,43,18167
225,1999,Switzerland,SWZ,1,8105
230,1999,Spain,SPN,13,7491
232,1999,Andorra,AND,0,3
235,1999,Portugal,POR,8,3769
255,1999,Germany,FRG,21,23856
290,1999,Poland,POL,5,7548
305,1999,Austria,AUS,1,2403
310,1999,Hungary,HUN,9,5294
316,1999,Czech Republic,CZR,4,3615
317,1999,Slovakia,SLO,1,1893
325,1999,Italy,ITA,9,12561
338,1999,Malta,MLT,2,241
339,1999,Albania,ALB,6,1538
343,1999,Macedonia,MAC,5,926
344,1999,Croatia,CRO,0,1861
345,1999,Yugoslavia,YUG,19,3081
346,1999,Bosnia and Herzegovina,BOS,5,850
349,1999,Slovenia,SLV,0,1154
350,1999,Greece,GRC,15,6163
352,1999,Cyprus,CYP,6,1271
355,1999,Bulgaria,BUL,2,3404
359,1999,Moldova,MLD,0,212
360,1999,Romania,RUM,21,4495
365,1999,Russia,RUS,35,15501
366,1999,Estonia,EST,0,3089
367,1999,Latvia,LAT,1,3277
368,1999,Lithuania,LIT,0,4665
369,1999,Ukraine,UKR,5,2294
370,1999,Belarus,BLR,5,460
371,1999,Armenia,ARM,7,140
372,1999,Georgia,GRG,3,435
373,1999,Azerbaijan,AZE,2,807
375,1999,Finland,FIN,1,8204
380,1999,Sweden,SWD,3,7535
385,1999,Norway,NOR,3,5212
390,1999,Denmark,DEN,1,2499
402,1999,Cape Verde,CAP,0,13
403,1999,Sao Tome and Principe,SAO,0,7
404,1999,Guinea Bissau,GNB,5,191
411,1999,Equatorial Guinea,EQG,0,28
420,1999,Gambia,GAM,0,91
432,1999,Mali,MLI,1,141
433,1999,Senegal,SEN,4,245
434,1999,Benin,BEN,0,47
435,1999,Mauritania,MAA,1,73
436,1999,Niger,NIR,3,240
438,1999,Guinea,GUI,1,131
439,1999,Burkina Faso,BFO,2,131
450,1999,Liberia,LBR,2,457
451,1999,Sierra Leone,SIE,23,847
452,1999,Ghana,GHA,2,491
461,1999,Togo,TOG,1,245
471,1999,Cameroon,CAO,1,197
475,1999,Nigeria,NIG,22,2483
481,1999,Gabon,GAB,1,117
482,1999,Central African Republic,CEN,1,110
483,1999,Chad,CHA,1,132
484,1999,Republic of the Congo,CON,10,322
490,1999,Democratic Republic of the Congo,ZAI,9,634
500,1999,Uganda,UGA,9,603
501,1999,Kenya,KEN,5,2317
510,1999,Tanzania,TAZ,2,465
516,1999,Burundi,BUI,6,186
517,1999,Rwanda,RWA,4,389
520,1999,Somalia,SOM,3,148
530,1999,Ethiopia,ETH,2,436
531,1999,Eritrea,ERI,1,295
540,1999,Angola,ANG,16,587
541,1999,Mozambique,MZM,0,155
551,1999,Zambia,ZAM,1,426
552,1999,Zimbabwe,ZIM,12,2249
553,1999,Malawi,MAW,0,55
560,1999,South Africa,SAF,16,10635
565,1999,Namibia,NAM,2,165
570,1999,Lesotho,LES,0,22
571,1999,Botswana,BOT,0,171
572,1999,Swaziland,SWA,0,47
580,1999,Madagascar,MAG,0,43
581,1999,Comoros,COM,5,94
590,1999,Mauritius,MAS,1,546
600,1999,Morocco,MOR,7,2082
615,1999,Algeria,ALG,29,1314
616,1999,Tunisia,TUN,2,1241
620,1999,Libya,LIB,1,685
625,1999,Sudan,SUD,8,771
630,1999,Iran,IRN,21,3167
640,1999,Turkey,TUR,43,7019
645,1999,Iraq,IRQ,5,3051
651,1999,Egypt,EGY,7,3208
652,1999,Syria,SYR,0,905
660,1999,Lebanon,LEB,23,1685
663,1999,Jordan,JOR,0,1681
666,1999,Israel,ISR,25,6059
670,1999,Saudi Arabia,SAU,6,2080
679,1999,Yemen,YEM,1,716
690,1999,Kuwait,KUW,1,1125
692,1999,Bahrain,BAH,0,619
694,1999,Qatar,QAT,0,437
696,1999,United Arab Emirates,UAE,1,1286
698,1999,Oman,OMA,0,552
700,1999,Afghanistan,AFG,10,868
701,1999,Turkmenistan,TKM,0,197
702,1999,Tajikistan,TAJ,5,227
703,1999,Kyrgyzstan,KYR,5,225
704,1999,Uzbekistan,UZB,1,242
705,1999,Kazakhstan,KZK,2,790
710,1999,China,CHN,46,27514
712,1999,Mongolia,MON,0,247
713,1999,Taiwan,TAW,3,5890
731,1999,North Korea,PRK,0,1206
732,1999,South Korea,ROK,20,11198
740,1999,Japan,JPN,6,26110
750,1999,India,IND,92,21697
770,1999,Pakistan,PAK,23,5387
771,1999,Bangladesh,BNG,14,1830
775,1999,Burma,MYA,5,513
780,1999,Sri Lanka,SRI,19,3503
781,1999,Maldives,MAD,0,34
790,1999,Nepal,NEP,8,424
800,1999,Thailand,THI,19,7954
811,1999,Cambodia,CAM,7,1125
812,1999,Laos,LAO,0,66
820,1999,Malaysia,MAL,14,9716
830,1999,Singapore,SIN,1,13299
835,1999,Brunei,BRU,0,64
840,1999,Philippines,PHI,11,6690
850,1999,Indonesia,INS,77,11641
900,1999,Australia,AUL,12,18599
910,1999,Papua New Guinea,PNG,0,206
920,1999,New Zealand,NEW,0,4532
935,1999,Vanuatu,VAN,0,14
940,1999,Solomon Islands,SOL,0,11
950,1999,Fiji,FJI,1,66
2,2e3,United States,USA,148,205635
20,2e3,Canada,CAN,18,14729
31,2e3,Bahamas,BHM,0,134
40,2e3,Cuba,CUB,6,1317
41,2e3,Haiti,HAI,4,280
42,2e3,Dominican Republic,DOM,0,123
51,2e3,Jamaica,JAM,0,166
52,2e3,Trinidad and Tobago,TRI,0,58
53,2e3,Barbados,BAR,0,111
56,2e3,Saint Lucia,STL,0,5
58,2e3,Antigua and Barbuda,ANT,1,13
70,2e3,Mexico,MEX,23,7606
80,2e3,Belize,BLZ,1,48
90,2e3,Guatemala,GUA,0,405
91,2e3,Honduras,HON,0,359
92,2e3,El Salvador,SAL,3,368
93,2e3,Nicaragua,NIC,0,179
94,2e3,Costa Rica,COS,0,213
95,2e3,Panama,PAN,1,396
100,2e3,Colombia,COL,57,2822
101,2e3,Venezuela,VEN,3,3108
110,2e3,Guyana,GUY,0,49
115,2e3,Suriname,SUR,0,75
130,2e3,Ecuador,ECU,10,1075
135,2e3,Peru,PER,12,2356
140,2e3,Brazil,BRA,15,6598
145,2e3,Bolivia,BOL,4,265
150,2e3,Paraguay,PAR,2,179
155,2e3,Chile,CHL,9,2985
160,2e3,Argentina,ARG,7,4501
165,2e3,Uruguay,URU,0,252
200,2e3,United Kingdom,UK_,65,72910
205,2e3,Ireland,IRE,6,3813
210,2e3,Netherlands,NTH,3,11059
211,2e3,Belgium,BEL,4,7982
212,2e3,Luxembourg,LUX,0,520
220,2e3,France,FRN,38,19440
225,2e3,Switzerland,SWZ,2,10856
230,2e3,Spain,SPN,22,8045
232,2e3,Andorra,AND,0,0
235,2e3,Portugal,POR,1,3974
255,2e3,Germany,FRG,27,25581
290,2e3,Poland,POL,8,7509
305,2e3,Austria,AUS,5,3884
310,2e3,Hungary,HUN,0,5272
316,2e3,Czech Republic,CZR,19,4432
317,2e3,Slovakia,SLO,2,2250
325,2e3,Italy,ITA,14,12890
338,2e3,Malta,MLT,1,342
339,2e3,Albania,ALB,3,498
343,2e3,Macedonia,MAC,2,338
344,2e3,Croatia,CRO,5,2434
345,2e3,Yugoslavia,YUG,14,2202
346,2e3,Bosnia and Herzegovina,BOS,4,860
349,2e3,Slovenia,SLV,2,1121
350,2e3,Greece,GRC,6,5507
352,2e3,Cyprus,CYP,5,1484
355,2e3,Bulgaria,BUL,4,3525
359,2e3,Moldova,MLD,0,270
360,2e3,Romania,RUM,8,5051
365,2e3,Russia,RUS,79,15241
366,2e3,Estonia,EST,0,3800
367,2e3,Latvia,LAT,4,4004
368,2e3,Lithuania,LIT,2,3543
369,2e3,Ukraine,UKR,0,2501
370,2e3,Belarus,BLR,5,498
371,2e3,Armenia,ARM,1,97
372,2e3,Georgia,GRG,1,423
373,2e3,Azerbaijan,AZE,1,605
375,2e3,Finland,FIN,2,7604
380,2e3,Sweden,SWD,2,6878
385,2e3,Norway,NOR,5,5012
390,2e3,Denmark,DEN,2,2896
402,2e3,Cape Verde,CAP,1,4
403,2e3,Sao Tome and Principe,SAO,0,4
404,2e3,Guinea Bissau,GNB,0,132
411,2e3,Equatorial Guinea,EQG,0,22
420,2e3,Gambia,GAM,1,105
432,2e3,Mali,MLI,0,87
433,2e3,Senegal,SEN,9,365
434,2e3,Benin,BEN,0,30
435,2e3,Mauritania,MAA,1,85
436,2e3,Niger,NIR,10,1474
438,2e3,Guinea,GUI,10,220
439,2e3,Burkina Faso,BFO,1,97
450,2e3,Liberia,LBR,6,607
451,2e3,Sierra Leone,SIE,28,953
452,2e3,Ghana,GHA,2,613
461,2e3,Togo,TOG,1,141
471,2e3,Cameroon,CAO,1,238
475,2e3,Nigeria,NIG,18,2539
481,2e3,Gabon,GAB,0,90
482,2e3,Central African Republic,CEN,2,59
483,2e3,Chad,CHA,3,142
484,2e3,Republic of the Congo,CON,5,199
490,2e3,Democratic Republic of the Congo,ZAI,11,617
500,2e3,Uganda,UGA,6,748
501,2e3,Kenya,KEN,7,2081
510,2e3,Tanzania,TAZ,4,417
516,2e3,Burundi,BUI,3,213
517,2e3,Rwanda,RWA,9,367
520,2e3,Somalia,SOM,6,190
530,2e3,Ethiopia,ETH,3,627
531,2e3,Eritrea,ERI,3,419
540,2e3,Angola,ANG,4,355
541,2e3,Mozambique,MZM,0,469
551,2e3,Zambia,ZAM,3,672
552,2e3,Zimbabwe,ZIM,19,2858
553,2e3,Malawi,MAW,1,95
560,2e3,South Africa,SAF,7,10670
565,2e3,Namibia,NAM,1,160
570,2e3,Lesotho,LES,0,17
571,2e3,Botswana,BOT,0,97
572,2e3,Swaziland,SWA,0,84
580,2e3,Madagascar,MAG,0,53
581,2e3,Comoros,COM,0,55
590,2e3,Mauritius,MAS,0,737
600,2e3,Morocco,MOR,1,2243
615,2e3,Algeria,ALG,16,1497
616,2e3,Tunisia,TUN,3,1276
620,2e3,Libya,LIB,0,573
625,2e3,Sudan,SUD,10,750
630,2e3,Iran,IRN,25,3541
640,2e3,Turkey,TUR,25,6967
645,2e3,Iraq,IRQ,8,2692
651,2e3,Egypt,EGY,6,4376
652,2e3,Syria,SYR,4,1620
660,2e3,Lebanon,LEB,32,2438
663,2e3,Jordan,JOR,1,1520
666,2e3,Israel,ISR,95,10656
670,2e3,Saudi Arabia,SAU,2,2631
679,2e3,Yemen,YEM,7,752
690,2e3,Kuwait,KUW,2,1327
692,2e3,Bahrain,BAH,0,791
694,2e3,Qatar,QAT,1,551
696,2e3,United Arab Emirates,UAE,0,1736
698,2e3,Oman,OMA,1,994
700,2e3,Afghanistan,AFG,4,763
701,2e3,Turkmenistan,TKM,0,285
702,2e3,Tajikistan,TAJ,4,246
703,2e3,Kyrgyzstan,KYR,2,239
704,2e3,Uzbekistan,UZB,1,253
705,2e3,Kazakhstan,KZK,2,811
710,2e3,China,CHN,20,26293
712,2e3,Mongolia,MON,1,281
713,2e3,Taiwan,TAW,4,8611
731,2e3,North Korea,PRK,1,1854
732,2e3,South Korea,ROK,8,10713
740,2e3,Japan,JPN,12,27388
750,2e3,India,IND,112,23866
770,2e3,Pakistan,PAK,11,3630
771,2e3,Bangladesh,BNG,14,1905
775,2e3,Burma,MYA,2,483
780,2e3,Sri Lanka,SRI,27,3624
781,2e3,Maldives,MAD,0,6
790,2e3,Nepal,NEP,25,601
800,2e3,Thailand,THI,12,7804
811,2e3,Cambodia,CAM,8,696
812,2e3,Laos,LAO,0,84
820,2e3,Malaysia,MAL,8,9052
830,2e3,Singapore,SIN,1,12201
835,2e3,Brunei,BRU,0,202
840,2e3,Philippines,PHI,30,7633
850,2e3,Indonesia,INS,40,9321
900,2e3,Australia,AUL,13,18737
910,2e3,Papua New Guinea,PNG,1,128
920,2e3,New Zealand,NEW,10,5902
935,2e3,Vanuatu,VAN,0,18
940,2e3,Solomon Islands,SOL,2,190
950,2e3,Fiji,FJI,37,898
2,2001,United States,USA,199,236686
20,2001,Canada,CAN,10,18634
31,2001,Bahamas,BHM,2,86
40,2001,Cuba,CUB,4,805
41,2001,Haiti,HAI,12,235
42,2001,Dominican Republic,DOM,2,123
51,2001,Jamaica,JAM,4,177
52,2001,Trinidad and Tobago,TRI,0,90
53,2001,Barbados,BAR,0,71
56,2001,Saint Lucia,STL,0,9
58,2001,Antigua and Barbuda,ANT,0,3
70,2001,Mexico,MEX,9,6505
80,2001,Belize,BLZ,0,33
90,2001,Guatemala,GUA,3,330
91,2001,Honduras,HON,0,248
92,2001,El Salvador,SAL,1,421
93,2001,Nicaragua,NIC,0,180
94,2001,Costa Rica,COS,1,119
95,2001,Panama,PAN,3,282
100,2001,Colombia,COL,39,3138
101,2001,Venezuela,VEN,4,2215
110,2001,Guyana,GUY,3,43
115,2001,Suriname,SUR,0,25
130,2001,Ecuador,ECU,3,892
135,2001,Peru,PER,6,2421
140,2001,Brazil,BRA,20,7192
145,2001,Bolivia,BOL,4,134
150,2001,Paraguay,PAR,0,68
155,2001,Chile,CHL,0,2381
160,2001,Argentina,ARG,17,6793
165,2001,Uruguay,URU,1,150
200,2001,United Kingdom,UK_,52,66941
205,2001,Ireland,IRE,6,2801
210,2001,Netherlands,NTH,3,11135
211,2001,Belgium,BEL,12,7137
212,2001,Luxembourg,LUX,0,564
220,2001,France,FRN,26,18531
225,2001,Switzerland,SWZ,4,10974
230,2001,Spain,SPN,6,6630
232,2001,Andorra,AND,0,1
235,2001,Portugal,POR,2,2783
255,2001,Germany,FRG,26,26519
290,2001,Poland,POL,4,5986
305,2001,Austria,AUS,5,2714
310,2001,Hungary,HUN,2,5580
316,2001,Czech Republic,CZR,1,4068
317,2001,Slovakia,SLO,1,1953
325,2001,Italy,ITA,24,12131
338,2001,Malta,MLT,1,421
339,2001,Albania,ALB,9,848
343,2001,Macedonia,MAC,37,2164
344,2001,Croatia,CRO,4,2232
345,2001,Yugoslavia,YUG,12,1427
346,2001,Bosnia and Herzegovina,BOS,8,766
349,2001,Slovenia,SLV,0,549
350,2001,Greece,GRC,7,5005
352,2001,Cyprus,CYP,1,1155
355,2001,Bulgaria,BUL,1,2737
359,2001,Moldova,MLD,0,184
360,2001,Romania,RUM,0,1845
365,2001,Russia,RUS,37,13149
366,2001,Estonia,EST,2,2986
367,2001,Latvia,LAT,3,2682
368,2001,Lithuania,LIT,1,3039
369,2001,Ukraine,UKR,13,1853
370,2001,Belarus,BLR,1,341
371,2001,Armenia,ARM,0,84
372,2001,Georgia,GRG,3,459
373,2001,Azerbaijan,AZE,5,409
375,2001,Finland,FIN,2,7234
380,2001,Sweden,SWD,7,6381
385,2001,Norway,NOR,4,4120
390,2001,Denmark,DEN,0,2749
402,2001,Cape Verde,CAP,0,22
403,2001,Sao Tome and Principe,SAO,0,18
404,2001,Guinea Bissau,GNB,1,90
411,2001,Equatorial Guinea,EQG,0,20
420,2001,Gambia,GAM,0,87
432,2001,Mali,MLI,0,96
433,2001,Senegal,SEN,2,205
434,2001,Benin,BEN,0,97
435,2001,Mauritania,MAA,0,67
436,2001,Niger,NIR,7,876
438,2001,Guinea,GUI,0,199
439,2001,Burkina Faso,BFO,1,58
450,2001,Liberia,LBR,5,378
451,2001,Sierra Leone,SIE,1,349
452,2001,Ghana,GHA,2,358
461,2001,Togo,TOG,1,67
471,2001,Cameroon,CAO,0,167
475,2001,Nigeria,NIG,12,2477
481,2001,Gabon,GAB,0,72
482,2001,Central African Republic,CEN,5,123
483,2001,Chad,CHA,0,105
484,2001,Republic of the Congo,CON,7,290
490,2001,Democratic Republic of the Congo,ZAI,17,614
500,2001,Uganda,UGA,5,505
501,2001,Kenya,KEN,4,1783
510,2001,Tanzania,TAZ,2,326
516,2001,Burundi,BUI,5,286
517,2001,Rwanda,RWA,3,362
520,2001,Somalia,SOM,4,232
530,2001,Ethiopia,ETH,4,343
531,2001,Eritrea,ERI,1,135
540,2001,Angola,ANG,17,533
541,2001,Mozambique,MZM,0,205
551,2001,Zambia,ZAM,5,767
552,2001,Zimbabwe,ZIM,18,1733
553,2001,Malawi,MAW,0,80
560,2001,South Africa,SAF,7,10427
565,2001,Namibia,NAM,1,105
570,2001,Lesotho,LES,0,4
571,2001,Botswana,BOT,1,92
572,2001,Swaziland,SWA,0,81
580,2001,Madagascar,MAG,2,65
581,2001,Comoros,COM,2,68
590,2001,Mauritius,MAS,0,613
600,2001,Morocco,MOR,0,2182
615,2001,Algeria,ALG,20,1344
616,2001,Tunisia,TUN,0,1006
620,2001,Libya,LIB,0,410
625,2001,Sudan,SUD,9,559
630,2001,Iran,IRN,19,2692
640,2001,Turkey,TUR,34,8224
645,2001,Iraq,IRQ,8,2585
651,2001,Egypt,EGY,14,4475
652,2001,Syria,SYR,5,1196
660,2001,Lebanon,LEB,16,1911
663,2001,Jordan,JOR,2,1175
666,2001,Israel,ISR,137,10320
670,2001,Saudi Arabia,SAU,2,2235
679,2001,Yemen,YEM,8,591
690,2001,Kuwait,KUW,0,1403
692,2001,Bahrain,BAH,0,733
694,2001,Qatar,QAT,1,703
696,2001,United Arab Emirates,UAE,2,1476
698,2001,Oman,OMA,4,677
700,2001,Afghanistan,AFG,68,5930
701,2001,Turkmenistan,TKM,0,131
702,2001,Tajikistan,TAJ,5,247
703,2001,Kyrgyzstan,KYR,1,145
704,2001,Uzbekistan,UZB,1,263
705,2001,Kazakhstan,KZK,0,660
710,2001,China,CHN,23,26980
712,2001,Mongolia,MON,0,151
713,2001,Taiwan,TAW,10,8059
731,2001,North Korea,PRK,0,1423
732,2001,South Korea,ROK,23,13826
740,2001,Japan,JPN,20,30037
750,2001,India,IND,173,26822
770,2001,Pakistan,PAK,22,5838
771,2001,Bangladesh,BNG,22,2018
775,2001,Burma,MYA,5,451
780,2001,Sri Lanka,SRI,34,3391
781,2001,Maldives,MAD,0,18
790,2001,Nepal,NEP,39,1098
800,2001,Thailand,THI,7,8505
811,2001,Cambodia,CAM,2,570
812,2001,Laos,LAO,1,143
820,2001,Malaysia,MAL,7,7481
830,2001,Singapore,SIN,1,12739
835,2001,Brunei,BRU,0,70
840,2001,Philippines,PHI,38,8060
850,2001,Indonesia,INS,25,8727
900,2001,Australia,AUL,14,18156
910,2001,Papua New Guinea,PNG,3,181
920,2001,New Zealand,NEW,1,6717
935,2001,Vanuatu,VAN,2,23
940,2001,Solomon Islands,SOL,1,20
950,2001,Fiji,FJI,1,224
2,2002,United States,USA,146,211716
20,2002,Canada,CAN,12,17285
31,2002,Bahamas,BHM,0,51
40,2002,Cuba,CUB,1,747
41,2002,Haiti,HAI,8,203
42,2002,Dominican Republic,DOM,2,107
51,2002,Jamaica,JAM,3,228
52,2002,Trinidad and Tobago,TRI,0,87
53,2002,Barbados,BAR,0,82
56,2002,Saint Lucia,STL,0,5
58,2002,Antigua and Barbuda,ANT,0,7
70,2002,Mexico,MEX,8,5401
80,2002,Belize,BLZ,0,26
90,2002,Guatemala,GUA,4,318
91,2002,Honduras,HON,3,204
92,2002,El Salvador,SAL,0,231
93,2002,Nicaragua,NIC,0,163
94,2002,Costa Rica,COS,1,134
95,2002,Panama,PAN,0,240
100,2002,Colombia,COL,33,2724
101,2002,Venezuela,VEN,22,2702
110,2002,Guyana,GUY,1,20
115,2002,Suriname,SUR,0,10
130,2002,Ecuador,ECU,0,865
135,2002,Peru,PER,4,2048
140,2002,Brazil,BRA,3,6817
145,2002,Bolivia,BOL,1,152
150,2002,Paraguay,PAR,4,68
155,2002,Chile,CHL,5,1951
160,2002,Argentina,ARG,11,5040
165,2002,Uruguay,URU,0,423
200,2002,United Kingdom,UK_,50,58227
205,2002,Ireland,IRE,3,2269
210,2002,Netherlands,NTH,11,10521
211,2002,Belgium,BEL,9,5147
212,2002,Luxembourg,LUX,0,437
220,2002,France,FRN,47,18533
225,2002,Switzerland,SWZ,0,9535
230,2002,Spain,SPN,15,7027
232,2002,Andorra,AND,0,2
235,2002,Portugal,POR,2,2276
255,2002,Germany,FRG,18,23500
290,2002,Poland,POL,3,4834
305,2002,Austria,AUS,1,2238
310,2002,Hungary,HUN,1,3817
316,2002,Czech Republic,CZR,1,3685
317,2002,Slovakia,SLO,0,1699
325,2002,Italy,ITA,13,11750
338,2002,Malta,MLT,0,388
339,2002,Albania,ALB,2,242
343,2002,Macedonia,MAC,9,290
344,2002,Croatia,CRO,2,1774
345,2002,Yugoslavia,YUG,2,618
346,2002,Bosnia and Herzegovina,BOS,2,383
349,2002,Slovenia,SLV,1,262
350,2002,Greece,GRC,10,4420
352,2002,Cyprus,CYP,0,960
355,2002,Bulgaria,BUL,0,1465
359,2002,Moldova,MLD,9,156
360,2002,Romania,RUM,1,1484
365,2002,Russia,RUS,36,9128
366,2002,Estonia,EST,0,425
367,2002,Latvia,LAT,2,607
368,2002,Lithuania,LIT,1,672
369,2002,Ukraine,UKR,3,1574
370,2002,Belarus,BLR,3,235
371,2002,Armenia,ARM,1,35
372,2002,Georgia,GRG,2,491
373,2002,Azerbaijan,AZE,3,403
375,2002,Finland,FIN,2,6065
380,2002,Sweden,SWD,0,5111
385,2002,Norway,NOR,1,2588
390,2002,Denmark,DEN,1,2478
402,2002,Cape Verde,CAP,0,6
403,2002,Sao Tome and Principe,SAO,0,16
404,2002,Guinea Bissau,GNB,0,44
411,2002,Equatorial Guinea,EQG,0,38
420,2002,Gambia,GAM,0,48
432,2002,Mali,MLI,0,87
433,2002,Senegal,SEN,2,123
434,2002,Benin,BEN,0,7
435,2002,Mauritania,MAA,0,18
436,2002,Niger,NIR,5,610
438,2002,Guinea,GUI,1,46
439,2002,Burkina Faso,BFO,0,49
450,2002,Liberia,LBR,14,368
451,2002,Sierra Leone,SIE,4,202
452,2002,Ghana,GHA,1,301
461,2002,Togo,TOG,4,114
471,2002,Cameroon,CAO,0,94
475,2002,Nigeria,NIG,18,2331
481,2002,Gabon,GAB,0,41
482,2002,Central African Republic,CEN,2,70
483,2002,Chad,CHA,0,51
484,2002,Republic of the Congo,CON,1,258
490,2002,Democratic Republic of the Congo,ZAI,6,301
500,2002,Uganda,UGA,3,413
501,2002,Kenya,KEN,7,1652
510,2002,Tanzania,TAZ,0,165
516,2002,Burundi,BUI,14,228
517,2002,Rwanda,RWA,1,289
520,2002,Somalia,SOM,3,159
530,2002,Ethiopia,ETH,3,284
531,2002,Eritrea,ERI,0,136
540,2002,Angola,ANG,2,421
541,2002,Mozambique,MZM,2,144
551,2002,Zambia,ZAM,0,669
552,2002,Zimbabwe,ZIM,4,1746
553,2002,Malawi,MAW,0,119
560,2002,South Africa,SAF,12,8537
565,2002,Namibia,NAM,0,51
570,2002,Lesotho,LES,2,58
571,2002,Botswana,BOT,0,39
572,2002,Swaziland,SWA,1,91
580,2002,Madagascar,MAG,20,364
581,2002,Comoros,COM,1,28
590,2002,Mauritius,MAS,0,275
600,2002,Morocco,MOR,5,1872
615,2002,Algeria,ALG,15,999
616,2002,Tunisia,TUN,0,1094
620,2002,Libya,LIB,0,353
625,2002,Sudan,SUD,6,698
630,2002,Iran,IRN,12,2106
640,2002,Turkey,TUR,13,6555
645,2002,Iraq,IRQ,23,5368
651,2002,Egypt,EGY,5,3711
652,2002,Syria,SYR,1,646
660,2002,Lebanon,LEB,22,1447
663,2002,Jordan,JOR,4,858
666,2002,Israel,ISR,124,9965
670,2002,Saudi Arabia,SAU,1,1925
679,2002,Yemen,YEM,5,409
690,2002,Kuwait,KUW,1,1063
692,2002,Bahrain,BAH,3,584
694,2002,Qatar,QAT,0,408
696,2002,United Arab Emirates,UAE,0,1051
698,2002,Oman,OMA,0,591
700,2002,Afghanistan,AFG,39,3670
701,2002,Turkmenistan,TKM,0,163
702,2002,Tajikistan,TAJ,1,101
703,2002,Kyrgyzstan,KYR,2,148
704,2002,Uzbekistan,UZB,0,159
705,2002,Kazakhstan,KZK,0,524
710,2002,China,CHN,22,26612
712,2002,Mongolia,MON,1,102
713,2002,Taiwan,TAW,1,7395
731,2002,North Korea,PRK,5,2274
732,2002,South Korea,ROK,11,12526
740,2002,Japan,JPN,19,27314
750,2002,India,IND,134,20066
770,2002,Pakistan,PAK,38,5968
771,2002,Bangladesh,BNG,16,2150
775,2002,Burma,MYA,5,681
780,2002,Sri Lanka,SRI,5,3082
781,2002,Maldives,MAD,0,3
790,2002,Nepal,NEP,50,968
800,2002,Thailand,THI,7,7152
811,2002,Cambodia,CAM,1,467
812,2002,Laos,LAO,0,67
820,2002,Malaysia,MAL,5,6254
830,2002,Singapore,SIN,3,11197
835,2002,Brunei,BRU,0,57
840,2002,Philippines,PHI,26,5988
850,2002,Indonesia,INS,27,7058
900,2002,Australia,AUL,15,16064
910,2002,Papua New Guinea,PNG,1,188
920,2002,New Zealand,NEW,0,4937
935,2002,Vanuatu,VAN,0,13
940,2002,Solomon Islands,SOL,1,54
950,2002,Fiji,FJI,0,72
2,2003,United States,USA,260,124222
20,2003,Canada,CAN,10,9939
31,2003,Bahamas,BHM,0,24
40,2003,Cuba,CUB,4,517
41,2003,Haiti,HAI,5,97
42,2003,Dominican Republic,DOM,0,158
51,2003,Jamaica,JAM,0,96
52,2003,Trinidad and Tobago,TRI,0,39
53,2003,Barbados,BAR,0,22
56,2003,Saint Lucia,STL,0,2
58,2003,Antigua and Barbuda,ANT,0,3
70,2003,Mexico,MEX,11,3894
80,2003,Belize,BLZ,0,11
90,2003,Guatemala,GUA,3,184
91,2003,Honduras,HON,2,137
92,2003,El Salvador,SAL,0,79
93,2003,Nicaragua,NIC,1,70
94,2003,Costa Rica,COS,0,59
95,2003,Panama,PAN,0,79
100,2003,Colombia,COL,26,1840
101,2003,Venezuela,VEN,12,1965
110,2003,Guyana,GUY,2,6
115,2003,Suriname,SUR,0,3
130,2003,Ecuador,ECU,2,553
135,2003,Peru,PER,8,1060
140,2003,Brazil,BRA,8,5363
145,2003,Bolivia,BOL,4,240
150,2003,Paraguay,PAR,0,73
155,2003,Chile,CHL,0,1580
160,2003,Argentina,ARG,4,1937
165,2003,Uruguay,URU,0,210
200,2003,United Kingdom,UK_,48,41112
205,2003,Ireland,IRE,5,1355
210,2003,Netherlands,NTH,3,6746
211,2003,Belgium,BEL,7,3800
212,2003,Luxembourg,LUX,1,230
220,2003,France,FRN,39,13127
225,2003,Switzerland,SWZ,0,6167
230,2003,Spain,SPN,15,5272
232,2003,Andorra,AND,0,2
235,2003,Portugal,POR,6,1239
255,2003,Germany,FRG,21,15815
290,2003,Poland,POL,10,3597
305,2003,Austria,AUS,2,1530
310,2003,Hungary,HUN,1,2440
316,2003,Czech Republic,CZR,3,2132
317,2003,Slovakia,SLO,1,1106
325,2003,Italy,ITA,15,7993
338,2003,Malta,MLT,1,271
339,2003,Albania,ALB,2,166
343,2003,Macedonia,MAC,1,94
344,2003,Croatia,CRO,0,1288
345,2003,Yugoslavia,YUG,2,144
346,2003,Bosnia and Herzegovina,BOS,0,264
349,2003,Slovenia,SLV,0,203
350,2003,Greece,GRC,5,2992
352,2003,Cyprus,CYP,0,646
355,2003,Bulgaria,BUL,0,593
359,2003,Moldova,MLD,5,80
360,2003,Romania,RUM,5,1074
365,2003,Russia,RUS,28,7086
366,2003,Estonia,EST,0,142
367,2003,Latvia,LAT,1,243
368,2003,Lithuania,LIT,3,360
369,2003,Ukraine,UKR,1,926
370,2003,Belarus,BLR,1,181
371,2003,Armenia,ARM,0,56
372,2003,Georgia,GRG,11,606
373,2003,Azerbaijan,AZE,1,379
375,2003,Finland,FIN,1,3227
380,2003,Sweden,SWD,6,2848
385,2003,Norway,NOR,1,2199
390,2003,Denmark,DEN,0,1465
402,2003,Cape Verde,CAP,0,3
403,2003,Sao Tome and Principe,SAO,1,70
404,2003,Guinea Bissau,GNB,5,84
411,2003,Equatorial Guinea,EQG,0,13
420,2003,Gambia,GAM,0,14
432,2003,Mali,MLI,0,53
433,2003,Senegal,SEN,0,61
434,2003,Benin,BEN,0,48
435,2003,Mauritania,MAA,1,150
436,2003,Niger,NIR,7,470
438,2003,Guinea,GUI,0,96
439,2003,Burkina Faso,BFO,3,41
450,2003,Liberia,LBR,53,990
451,2003,Sierra Leone,SIE,1,148
452,2003,Ghana,GHA,3,267
461,2003,Togo,TOG,0,59
471,2003,Cameroon,CAO,0,76
475,2003,Nigeria,NIG,16,1911
481,2003,Gabon,GAB,0,16
482,2003,Central African Republic,CEN,3,48
483,2003,Chad,CHA,0,56
484,2003,Republic of the Congo,CON,4,228
490,2003,Democratic Republic of the Congo,ZAI,5,268
500,2003,Uganda,UGA,6,339
501,2003,Kenya,KEN,7,1448
510,2003,Tanzania,TAZ,0,98
516,2003,Burundi,BUI,11,249
517,2003,Rwanda,RWA,0,259
520,2003,Somalia,SOM,3,97
530,2003,Ethiopia,ETH,0,348
531,2003,Eritrea,ERI,0,80
540,2003,Angola,ANG,0,162
541,2003,Mozambique,MZM,0,135
551,2003,Zambia,ZAM,1,421
552,2003,Zimbabwe,ZIM,12,1243
553,2003,Malawi,MAW,1,133
560,2003,South Africa,SAF,9,5988
565,2003,Namibia,NAM,0,80
570,2003,Lesotho,LES,0,15
571,2003,Botswana,BOT,0,67
572,2003,Swaziland,SWA,0,89
580,2003,Madagascar,MAG,0,29
581,2003,Comoros,COM,0,34
590,2003,Mauritius,MAS,0,155
600,2003,Morocco,MOR,5,957
615,2003,Algeria,ALG,5,776
616,2003,Tunisia,TUN,0,550
620,2003,Libya,LIB,1,541
625,2003,Sudan,SUD,5,472
630,2003,Iran,IRN,12,2749
640,2003,Turkey,TUR,8,5059
645,2003,Iraq,IRQ,197,15041
651,2003,Egypt,EGY,9,2448
652,2003,Syria,SYR,1,867
660,2003,Lebanon,LEB,7,892
663,2003,Jordan,JOR,2,501
666,2003,Israel,ISR,65,6189
670,2003,Saudi Arabia,SAU,11,1916
679,2003,Yemen,YEM,1,264
690,2003,Kuwait,KUW,5,917
692,2003,Bahrain,BAH,2,321
694,2003,Qatar,QAT,0,684
696,2003,United Arab Emirates,UAE,0,847
698,2003,Oman,OMA,2,305
700,2003,Afghanistan,AFG,55,1996
701,2003,Turkmenistan,TKM,0,67
702,2003,Tajikistan,TAJ,0,47
703,2003,Kyrgyzstan,KYR,0,48
704,2003,Uzbekistan,UZB,0,112
705,2003,Kazakhstan,KZK,0,323
710,2003,China,CHN,18,18006
712,2003,Mongolia,MON,0,71
713,2003,Taiwan,TAW,3,4378
731,2003,North Korea,PRK,5,2678
732,2003,South Korea,ROK,16,8507
740,2003,Japan,JPN,22,16158
750,2003,India,IND,69,11397
770,2003,Pakistan,PAK,21,3599
771,2003,Bangladesh,BNG,14,1506
775,2003,Burma,MYA,2,544
780,2003,Sri Lanka,SRI,5,1747
781,2003,Maldives,MAD,0,17
790,2003,Nepal,NEP,34,435
800,2003,Thailand,THI,6,4883
811,2003,Cambodia,CAM,6,423
812,2003,Laos,LAO,0,56
820,2003,Malaysia,MAL,3,3526
830,2003,Singapore,SIN,1,7323
835,2003,Brunei,BRU,0,30
840,2003,Philippines,PHI,20,3306
850,2003,Indonesia,INS,14,4680
900,2003,Australia,AUL,15,10951
910,2003,Papua New Guinea,PNG,1,37
920,2003,New Zealand,NEW,5,3064
935,2003,Vanuatu,VAN,0,2
940,2003,Solomon Islands,SOL,0,117
950,2003,Fiji,FJI,0,100
2,2004,United States,USA,394,124884
20,2004,Canada,CAN,6,10248
31,2004,Bahamas,BHM,0,17
40,2004,Cuba,CUB,1,604
41,2004,Haiti,HAI,51,1104
42,2004,Dominican Republic,DOM,2,211
51,2004,Jamaica,JAM,0,192
52,2004,Trinidad and Tobago,TRI,0,99
53,2004,Barbados,BAR,0,32
56,2004,Saint Lucia,STL,0,4
58,2004,Antigua and Barbuda,ANT,0,23
70,2004,Mexico,MEX,19,7660
80,2004,Belize,BLZ,0,48
90,2004,Guatemala,GUA,3,196
91,2004,Honduras,HON,2,131
92,2004,El Salvador,SAL,0,142
93,2004,Nicaragua,NIC,0,49
94,2004,Costa Rica,COS,0,112
95,2004,Panama,PAN,0,98
100,2004,Colombia,COL,11,1602
101,2004,Venezuela,VEN,11,1834
110,2004,Guyana,GUY,0,16
115,2004,Suriname,SUR,0,21
130,2004,Ecuador,ECU,5,478
135,2004,Peru,PER,19,1629
140,2004,Brazil,BRA,20,8910
145,2004,Bolivia,BOL,2,172
150,2004,Paraguay,PAR,0,116
155,2004,Chile,CHL,0,2465
160,2004,Argentina,ARG,9,2956
165,2004,Uruguay,URU,0,179
200,2004,United Kingdom,UK_,118,35579
205,2004,Ireland,IRE,5,1389
210,2004,Netherlands,NTH,11,4213
211,2004,Belgium,BEL,4,2881
212,2004,Luxembourg,LUX,0,140
220,2004,France,FRN,44,11493
225,2004,Switzerland,SWZ,9,3809
230,2004,Spain,SPN,20,6532
232,2004,Andorra,AND,0,14
235,2004,Portugal,POR,10,1487
255,2004,Germany,FRG,29,11683
290,2004,Poland,POL,9,2145
305,2004,Austria,AUS,1,1202
310,2004,Hungary,HUN,2,1261
316,2004,Czech Republic,CZR,2,1142
317,2004,Slovakia,SLO,1,566
325,2004,Italy,ITA,33,7366
338,2004,Malta,MLT,0,74
339,2004,Albania,ALB,1,183
343,2004,Macedonia,MAC,5,257
344,2004,Croatia,CRO,1,595
345,2004,Yugoslavia,YUG,0,142
346,2004,Bosnia and Herzegovina,BOS,0,331
349,2004,Slovenia,SLV,1,149
350,2004,Greece,GRC,8,3555
352,2004,Cyprus,CYP,2,919
355,2004,Bulgaria,BUL,11,767
359,2004,Moldova,MLD,0,44
360,2004,Romania,RUM,2,1181
365,2004,Russia,RUS,41,7430
366,2004,Estonia,EST,0,131
367,2004,Latvia,LAT,0,262
368,2004,Lithuania,LIT,0,257
369,2004,Ukraine,UKR,35,1570
370,2004,Belarus,BLR,0,220
371,2004,Armenia,ARM,0,36
372,2004,Georgia,GRG,4,641
373,2004,Azerbaijan,AZE,0,238
375,2004,Finland,FIN,1,1161
380,2004,Sweden,SWD,0,1685
385,2004,Norway,NOR,0,1599
390,2004,Denmark,DEN,1,878
402,2004,Cape Verde,CAP,0,3
403,2004,Sao Tome and Principe,SAO,0,29
404,2004,Guinea Bissau,GNB,6,50
411,2004,Equatorial Guinea,EQG,0,177
420,2004,Gambia,GAM,0,40
432,2004,Mali,MLI,1,78
433,2004,Senegal,SEN,7,168
434,2004,Benin,BEN,0,30
435,2004,Mauritania,MAA,3,69
436,2004,Niger,NIR,7,430
438,2004,Guinea,GUI,1,88
439,2004,Burkina Faso,BFO,0,96
450,2004,Liberia,LBR,0,185
451,2004,Sierra Leone,SIE,0,75
452,2004,Ghana,GHA,0,170
461,2004,Togo,TOG,0,19
471,2004,Cameroon,CAO,0,191
475,2004,Nigeria,NIG,31,2257
481,2004,Gabon,GAB,0,38
482,2004,Central African Republic,CEN,5,65
483,2004,Chad,CHA,2,164
484,2004,Republic of the Congo,CON,4,246
490,2004,Democratic Republic of the Congo,ZAI,14,405
500,2004,Uganda,UGA,11,510
501,2004,Kenya,KEN,2,1183
510,2004,Tanzania,TAZ,0,103
516,2004,Burundi,BUI,2,222
517,2004,Rwanda,RWA,6,395
520,2004,Somalia,SOM,5,201
530,2004,Ethiopia,ETH,2,415
531,2004,Eritrea,ERI,0,146
540,2004,Angola,ANG,0,204
541,2004,Mozambique,MZM,0,228
551,2004,Zambia,ZAM,3,341
552,2004,Zimbabwe,ZIM,9,1416
553,2004,Malawi,MAW,1,156
560,2004,South Africa,SAF,21,9946
565,2004,Namibia,NAM,0,130
570,2004,Lesotho,LES,0,18
571,2004,Botswana,BOT,0,163
572,2004,Swaziland,SWA,1,43
580,2004,Madagascar,MAG,0,7
581,2004,Comoros,COM,1,44
590,2004,Mauritius,MAS,0,111
600,2004,Morocco,MOR,6,830
615,2004,Algeria,ALG,14,755
616,2004,Tunisia,TUN,0,367
620,2004,Libya,LIB,2,810
625,2004,Sudan,SUD,39,1964
630,2004,Iran,IRN,13,3291
640,2004,Turkey,TUR,8,5098
645,2004,Iraq,IRQ,652,15138
651,2004,Egypt,EGY,11,3095
652,2004,Syria,SYR,8,636
660,2004,Lebanon,LEB,16,1006
663,2004,Jordan,JOR,2,547
666,2004,Israel,ISR,158,8403
670,2004,Saudi Arabia,SAU,32,2455
679,2004,Yemen,YEM,3,192
690,2004,Kuwait,KUW,0,1160
692,2004,Bahrain,BAH,1,307
694,2004,Qatar,QAT,0,366
696,2004,United Arab Emirates,UAE,8,1222
698,2004,Oman,OMA,0,167
700,2004,Afghanistan,AFG,86,2545
701,2004,Turkmenistan,TKM,0,45
702,2004,Tajikistan,TAJ,1,38
703,2004,Kyrgyzstan,KYR,1,41
704,2004,Uzbekistan,UZB,3,247
705,2004,Kazakhstan,KZK,2,334
710,2004,China,CHN,27,15043
712,2004,Mongolia,MON,1,94
713,2004,Taiwan,TAW,12,2214
731,2004,North Korea,PRK,5,2106
732,2004,South Korea,ROK,31,5681
740,2004,Japan,JPN,18,17951
750,2004,India,IND,54,5653
770,2004,Pakistan,PAK,79,3979
771,2004,Bangladesh,BNG,9,947
775,2004,Burma,MYA,4,519
780,2004,Sri Lanka,SRI,6,1469
781,2004,Maldives,MAD,3,41
790,2004,Nepal,NEP,67,576
800,2004,Thailand,THI,57,3114
811,2004,Cambodia,CAM,0,237
812,2004,Laos,LAO,0,38
820,2004,Malaysia,MAL,3,1839
830,2004,Singapore,SIN,2,5009
835,2004,Brunei,BRU,0,32
840,2004,Philippines,PHI,27,1982
850,2004,Indonesia,INS,8,3384
900,2004,Australia,AUL,12,5655
910,2004,Papua New Guinea,PNG,0,21
920,2004,New Zealand,NEW,2,930
935,2004,Vanuatu,VAN,0,26
940,2004,Solomon Islands,SOL,0,8
950,2004,Fiji,FJI,0,70
